id;budget_item_id;amount;description;invoice_url;status;claimed_by;approved_by;expense_date;created_at;updated_at;budget_master_id;gst_amount;is_correction;correction_reason;correction_requested_at;correction_approved_at;correction_completed_at;tds_percentage;tds_amount
3558157d-d6da-48a1-9dc1-f054c85fee90;;5837667.00;Historical expense for IFMS / Manpower Contract - april 2025;;approved;73a0db7e-c07e-44a0-b86f-365afe2fc0d3;73a0db7e-c07e-44a0-b86f-365afe2fc0d3;2025-04-15;2025-11-23 09:14:33.285962+00;2025-11-23 09:14:33.285962+00;46fb51fa-35e5-46b2-afcb-eb5b2c65bf16;0;false;;;;;0;0
766e8c40-b402-4865-80a5-b5e718fda36a;;5879671.00;Historical expense for IFMS / Manpower Contract - may 2025;;approved;73a0db7e-c07e-44a0-b86f-365afe2fc0d3;73a0db7e-c07e-44a0-b86f-365afe2fc0d3;2025-05-15;2025-11-23 09:14:33.512234+00;2025-11-23 09:14:33.512234+00;46fb51fa-35e5-46b2-afcb-eb5b2c65bf16;0;false;;;;;0;0
965aa1a6-07b0-477d-b7e0-343cec82246f;;5795944.00;Historical expense for IFMS / Manpower Contract - june 2025;;approved;73a0db7e-c07e-44a0-b86f-365afe2fc0d3;73a0db7e-c07e-44a0-b86f-365afe2fc0d3;2025-06-15;2025-11-23 09:14:33.750768+00;2025-11-23 09:14:33.750768+00;46fb51fa-35e5-46b2-afcb-eb5b2c65bf16;0;false;;;;;0;0
06044f60-4bac-4096-8e6f-8957f3cc9be5;;5742153.00;Historical expense for IFMS / Manpower Contract - july 2025;;approved;73a0db7e-c07e-44a0-b86f-365afe2fc0d3;73a0db7e-c07e-44a0-b86f-365afe2fc0d3;2025-07-15;2025-11-23 09:14:33.983601+00;2025-11-23 09:14:33.983601+00;46fb51fa-35e5-46b2-afcb-eb5b2c65bf16;0;false;;;;;0;0
019c3620-7026-4be9-8914-fe27a6884e14;;5605592.00;Historical expense for IFMS / Manpower Contract - august 2025;;approved;73a0db7e-c07e-44a0-b86f-365afe2fc0d3;73a0db7e-c07e-44a0-b86f-365afe2fc0d3;2025-08-15;2025-11-23 09:14:34.212575+00;2025-11-23 09:14:34.212575+00;46fb51fa-35e5-46b2-afcb-eb5b2c65bf16;0;false;;;;;0;0
116fa8e9-3d72-40a8-b18c-771c9e1d1475;;5662442.00;Historical expense for IFMS / Manpower Contract - september 2025;;approved;73a0db7e-c07e-44a0-b86f-365afe2fc0d3;73a0db7e-c07e-44a0-b86f-365afe2fc0d3;2025-09-15;2025-11-23 09:14:34.478436+00;2025-11-23 09:14:34.478436+00;46fb51fa-35e5-46b2-afcb-eb5b2c65bf16;0;false;;;;;0;0
b40a61dc-249a-47fa-b1a7-7cf60c7b2119;;5668190.00;Historical expense for IFMS / Manpower Contract - october 2025;;approved;73a0db7e-c07e-44a0-b86f-365afe2fc0d3;73a0db7e-c07e-44a0-b86f-365afe2fc0d3;2025-10-15;2025-11-23 09:14:34.731914+00;2025-11-23 09:14:34.731914+00;46fb51fa-35e5-46b2-afcb-eb5b2c65bf16;0;false;;;;;0;0
8e82e822-39e0-4360-a25e-60958421e26d;;1752963.00;Historical expense for EB Bill HT - april 2025;;approved;73a0db7e-c07e-44a0-b86f-365afe2fc0d3;73a0db7e-c07e-44a0-b86f-365afe2fc0d3;2025-04-15;2025-11-23 09:14:34.958231+00;2025-11-23 09:14:34.958231+00;a76806ac-a21f-4dbd-8605-833e4808ec22;0;false;;;;;0;0
153fb03d-ce48-4042-aa4d-3674aaa42fd8;;1737231.00;Historical expense for EB Bill HT - may 2025;;approved;73a0db7e-c07e-44a0-b86f-365afe2fc0d3;73a0db7e-c07e-44a0-b86f-365afe2fc0d3;2025-05-15;2025-11-23 09:14:35.214171+00;2025-11-23 09:14:35.214171+00;a76806ac-a21f-4dbd-8605-833e4808ec22;0;false;;;;;0;0
77918223-4c71-4390-a271-5b963cf64444;;1724041.00;Historical expense for EB Bill HT - june 2025;;approved;73a0db7e-c07e-44a0-b86f-365afe2fc0d3;73a0db7e-c07e-44a0-b86f-365afe2fc0d3;2025-06-15;2025-11-23 09:14:35.46203+00;2025-11-23 09:14:35.46203+00;a76806ac-a21f-4dbd-8605-833e4808ec22;0;false;;;;;0;0
a92dee27-da8a-4a4b-acb3-a5139df7ca38;;1509861.00;Historical expense for EB Bill HT - july 2025;;approved;73a0db7e-c07e-44a0-b86f-365afe2fc0d3;73a0db7e-c07e-44a0-b86f-365afe2fc0d3;2025-07-15;2025-11-23 09:14:35.715141+00;2025-11-23 09:14:35.715141+00;a76806ac-a21f-4dbd-8605-833e4808ec22;0;false;;;;;0;0
f5b36cda-f28e-4275-8395-176806bd7a8e;;1793884.00;Historical expense for EB Bill HT - august 2025;;approved;73a0db7e-c07e-44a0-b86f-365afe2fc0d3;73a0db7e-c07e-44a0-b86f-365afe2fc0d3;2025-08-15;2025-11-23 09:14:35.958959+00;2025-11-23 09:14:35.958959+00;a76806ac-a21f-4dbd-8605-833e4808ec22;0;false;;;;;0;0
cfb219df-e03d-4697-a518-a90f5d0ced3a;;1767515.00;Historical expense for EB Bill HT - september 2025;;approved;73a0db7e-c07e-44a0-b86f-365afe2fc0d3;73a0db7e-c07e-44a0-b86f-365afe2fc0d3;2025-09-15;2025-11-23 09:14:36.181424+00;2025-11-23 09:14:36.181424+00;a76806ac-a21f-4dbd-8605-833e4808ec22;0;false;;;;;0;0
3c075860-1304-43d2-a4cb-8c5f916546bd;;1694899.00;Historical expense for EB Bill HT - october 2025;;approved;73a0db7e-c07e-44a0-b86f-365afe2fc0d3;73a0db7e-c07e-44a0-b86f-365afe2fc0d3;2025-10-15;2025-11-23 09:14:36.426657+00;2025-11-23 09:14:36.426657+00;a76806ac-a21f-4dbd-8605-833e4808ec22;0;false;;;;;0;0
d7cfdebd-68bf-48a3-ad34-f15128aa3f4f;;1529811.00;Historical expense for Metro Water - april 2025;;approved;73a0db7e-c07e-44a0-b86f-365afe2fc0d3;73a0db7e-c07e-44a0-b86f-365afe2fc0d3;2025-04-15;2025-11-23 09:14:36.684108+00;2025-11-23 09:14:36.684108+00;9a7318c8-ec42-43bf-94d2-5f0432b180f0;0;false;;;;;0;0
5b67269c-e025-40e4-9f33-e60a659a5b27;;1669283.00;Historical expense for Metro Water - may 2025;;approved;73a0db7e-c07e-44a0-b86f-365afe2fc0d3;73a0db7e-c07e-44a0-b86f-365afe2fc0d3;2025-05-15;2025-11-23 09:14:36.942022+00;2025-11-23 09:14:36.942022+00;9a7318c8-ec42-43bf-94d2-5f0432b180f0;0;false;;;;;0;0
40454e4f-bb45-47e0-86ab-2d9ff9bae460;;1582078.00;Historical expense for Metro Water - june 2025;;approved;73a0db7e-c07e-44a0-b86f-365afe2fc0d3;73a0db7e-c07e-44a0-b86f-365afe2fc0d3;2025-06-15;2025-11-23 09:14:37.195586+00;2025-11-23 09:14:37.195586+00;9a7318c8-ec42-43bf-94d2-5f0432b180f0;0;false;;;;;0;0
7d3451b7-2b2d-4cad-a0fe-59f033a7b883;;1402615.00;Historical expense for Metro Water - july 2025;;approved;73a0db7e-c07e-44a0-b86f-365afe2fc0d3;73a0db7e-c07e-44a0-b86f-365afe2fc0d3;2025-07-15;2025-11-23 09:14:37.455519+00;2025-11-23 09:14:37.455519+00;9a7318c8-ec42-43bf-94d2-5f0432b180f0;0;false;;;;;0;0
1204e500-ae48-472b-aff7-6dfcddfa38d6;;1315899.00;Historical expense for Metro Water - august 2025;;approved;73a0db7e-c07e-44a0-b86f-365afe2fc0d3;73a0db7e-c07e-44a0-b86f-365afe2fc0d3;2025-08-15;2025-11-23 09:14:37.687903+00;2025-11-23 09:14:37.687903+00;9a7318c8-ec42-43bf-94d2-5f0432b180f0;0;false;;;;;0;0
2a4ae167-27a6-4f94-b21a-cc82cb474123;;1478736.00;Historical expense for Metro Water - september 2025;;approved;73a0db7e-c07e-44a0-b86f-365afe2fc0d3;73a0db7e-c07e-44a0-b86f-365afe2fc0d3;2025-09-15;2025-11-23 09:14:37.924134+00;2025-11-23 09:14:37.924134+00;9a7318c8-ec42-43bf-94d2-5f0432b180f0;0;false;;;;;0;0
9c7f573d-1b0b-4514-8b4b-005c8bda4cd5;;1451352.00;Historical expense for Metro Water - october 2025;;approved;73a0db7e-c07e-44a0-b86f-365afe2fc0d3;73a0db7e-c07e-44a0-b86f-365afe2fc0d3;2025-10-15;2025-11-23 09:14:38.173857+00;2025-11-23 09:14:38.173857+00;9a7318c8-ec42-43bf-94d2-5f0432b180f0;0;false;;;;;0;0
e05e9c4f-18f1-4d04-86ec-612da564fac9;;2706114.00;Historical expense for EB LT Common - Tower wise - may 2025;;approved;73a0db7e-c07e-44a0-b86f-365afe2fc0d3;73a0db7e-c07e-44a0-b86f-365afe2fc0d3;2025-05-15;2025-11-23 09:14:38.439855+00;2025-11-23 09:14:38.439855+00;f6bc24b4-0229-455b-9e02-8aa88e57332f;0;false;;;;;0;0
478d76fa-7f6d-4882-8d55-7d253c87a4c8;;2610689.00;Historical expense for EB LT Common - Tower wise - july 2025;;approved;73a0db7e-c07e-44a0-b86f-365afe2fc0d3;73a0db7e-c07e-44a0-b86f-365afe2fc0d3;2025-07-15;2025-11-23 09:14:38.696759+00;2025-11-23 09:14:38.696759+00;f6bc24b4-0229-455b-9e02-8aa88e57332f;0;false;;;;;0;0
e95cb66e-98ec-4735-bf95-422597a5705a;;2671779.00;Historical expense for EB LT Common - Tower wise - september 2025;;approved;73a0db7e-c07e-44a0-b86f-365afe2fc0d3;73a0db7e-c07e-44a0-b86f-365afe2fc0d3;2025-09-15;2025-11-23 09:14:38.931284+00;2025-11-23 09:14:38.931284+00;f6bc24b4-0229-455b-9e02-8aa88e57332f;0;false;;;;;0;0
34948079-df0b-4c70-94a9-05aaf778f9b2;;715818.00;Historical expense for Tanker Water Bill - april 2025;;approved;73a0db7e-c07e-44a0-b86f-365afe2fc0d3;73a0db7e-c07e-44a0-b86f-365afe2fc0d3;2025-04-15;2025-11-23 09:14:39.158099+00;2025-11-23 09:14:39.158099+00;c15ebab7-da4f-4670-9c22-69bfe733f810;0;false;;;;;0;0
599bb5cc-229b-4bb3-9f7a-01361f0310b0;;932864.00;Historical expense for Tanker Water Bill - may 2025;;approved;73a0db7e-c07e-44a0-b86f-365afe2fc0d3;73a0db7e-c07e-44a0-b86f-365afe2fc0d3;2025-05-15;2025-11-23 09:14:39.418729+00;2025-11-23 09:14:39.418729+00;c15ebab7-da4f-4670-9c22-69bfe733f810;0;false;;;;;0;0
f6737edf-d726-4e15-a1a9-0b55c584c25a;;1002386.00;Historical expense for Tanker Water Bill - june 2025;;approved;73a0db7e-c07e-44a0-b86f-365afe2fc0d3;73a0db7e-c07e-44a0-b86f-365afe2fc0d3;2025-06-15;2025-11-23 09:14:40.074569+00;2025-11-23 09:14:40.074569+00;c15ebab7-da4f-4670-9c22-69bfe733f810;0;false;;;;;0;0
ca389a29-8df6-4ff8-b432-65d7a4063ee3;;968687.00;Historical expense for Tanker Water Bill - july 2025;;approved;73a0db7e-c07e-44a0-b86f-365afe2fc0d3;73a0db7e-c07e-44a0-b86f-365afe2fc0d3;2025-07-15;2025-11-23 09:14:40.311552+00;2025-11-23 09:14:40.311552+00;c15ebab7-da4f-4670-9c22-69bfe733f810;0;false;;;;;0;0
efd81581-7dc4-42c6-b712-5c6a59d02741;;1259666.00;Historical expense for Tanker Water Bill - august 2025;;approved;73a0db7e-c07e-44a0-b86f-365afe2fc0d3;73a0db7e-c07e-44a0-b86f-365afe2fc0d3;2025-08-15;2025-11-23 09:14:40.567819+00;2025-11-23 09:14:40.567819+00;c15ebab7-da4f-4670-9c22-69bfe733f810;0;false;;;;;0;0
264ed098-0791-425d-aa37-ceffe4a63f41;;1156277.00;Historical expense for Tanker Water Bill - september 2025;;approved;73a0db7e-c07e-44a0-b86f-365afe2fc0d3;73a0db7e-c07e-44a0-b86f-365afe2fc0d3;2025-09-15;2025-11-23 09:14:40.814182+00;2025-11-23 09:14:40.814182+00;c15ebab7-da4f-4670-9c22-69bfe733f810;0;false;;;;;0;0
8784077e-2022-4d50-8ed3-f531585be0ce;;911096.00;Historical expense for Tanker Water Bill - october 2025;;approved;73a0db7e-c07e-44a0-b86f-365afe2fc0d3;73a0db7e-c07e-44a0-b86f-365afe2fc0d3;2025-10-15;2025-11-23 09:14:41.041995+00;2025-11-23 09:14:41.041995+00;c15ebab7-da4f-4670-9c22-69bfe733f810;0;false;;;;;0;0
7e89ec22-2474-41e4-a06d-6204351e9fda;;183222.00;Historical expense for Sewage Tanker + Hauling - april 2025;;approved;73a0db7e-c07e-44a0-b86f-365afe2fc0d3;73a0db7e-c07e-44a0-b86f-365afe2fc0d3;2025-04-15;2025-11-23 09:14:41.27186+00;2025-11-23 09:14:41.27186+00;b409c8ed-ef93-4a7a-84fe-d1e8d40dc26b;0;false;;;;;0;0
d75325b5-894c-4dd6-98ae-7ab5211e5372;;122148.00;Historical expense for Sewage Tanker + Hauling - may 2025;;approved;73a0db7e-c07e-44a0-b86f-365afe2fc0d3;73a0db7e-c07e-44a0-b86f-365afe2fc0d3;2025-05-15;2025-11-23 09:14:41.530942+00;2025-11-23 09:14:41.530942+00;b409c8ed-ef93-4a7a-84fe-d1e8d40dc26b;0;false;;;;;0;0
e4b68fdd-0c03-4575-8665-19e7e88212ff;;146367.00;Historical expense for Sewage Tanker + Hauling - june 2025;;approved;73a0db7e-c07e-44a0-b86f-365afe2fc0d3;73a0db7e-c07e-44a0-b86f-365afe2fc0d3;2025-06-15;2025-11-23 09:14:41.791361+00;2025-11-23 09:14:41.791361+00;b409c8ed-ef93-4a7a-84fe-d1e8d40dc26b;0;false;;;;;0;0
cedaefca-44f6-4d98-99b9-b0c068beab06;;177957.00;Historical expense for Sewage Tanker + Hauling - july 2025;;approved;73a0db7e-c07e-44a0-b86f-365afe2fc0d3;73a0db7e-c07e-44a0-b86f-365afe2fc0d3;2025-07-15;2025-11-23 09:14:42.027979+00;2025-11-23 09:14:42.027979+00;b409c8ed-ef93-4a7a-84fe-d1e8d40dc26b;0;false;;;;;0;0
9a0618a1-5bb1-49f4-8166-b2e6fb253df9;;185328.00;Historical expense for Sewage Tanker + Hauling - august 2025;;approved;73a0db7e-c07e-44a0-b86f-365afe2fc0d3;73a0db7e-c07e-44a0-b86f-365afe2fc0d3;2025-08-15;2025-11-23 09:14:42.265983+00;2025-11-23 09:14:42.265983+00;b409c8ed-ef93-4a7a-84fe-d1e8d40dc26b;0;false;;;;;0;0
07c180b5-e4c5-4fb4-9cf8-50a8c9afa6d3;;160056.00;Historical expense for Sewage Tanker + Hauling - september 2025;;approved;73a0db7e-c07e-44a0-b86f-365afe2fc0d3;73a0db7e-c07e-44a0-b86f-365afe2fc0d3;2025-09-15;2025-11-23 09:14:42.528844+00;2025-11-23 09:14:42.528844+00;b409c8ed-ef93-4a7a-84fe-d1e8d40dc26b;0;false;;;;;0;0
6d220afa-f230-4204-9d40-e667118a7a0a;;171639.00;Historical expense for Sewage Tanker + Hauling - october 2025;;approved;73a0db7e-c07e-44a0-b86f-365afe2fc0d3;73a0db7e-c07e-44a0-b86f-365afe2fc0d3;2025-10-15;2025-11-23 09:14:42.782838+00;2025-11-23 09:14:42.782838+00;b409c8ed-ef93-4a7a-84fe-d1e8d40dc26b;0;false;;;;;0;0
892552a6-1f37-48e3-a82b-6f3cf3ae2ace;;231400.00;Historical expense for Consumable Fuel (Diesel) - may 2025;;approved;73a0db7e-c07e-44a0-b86f-365afe2fc0d3;73a0db7e-c07e-44a0-b86f-365afe2fc0d3;2025-05-15;2025-11-23 09:14:43.004383+00;2025-11-23 09:14:43.004383+00;447e4dc1-e088-49ce-a61f-46c1d041f75b;0;false;;;;;0;0
6f8179e6-38c4-4c46-972a-b39b013f358b;;138840.00;Historical expense for Consumable Fuel (Diesel) - june 2025;;approved;73a0db7e-c07e-44a0-b86f-365afe2fc0d3;73a0db7e-c07e-44a0-b86f-365afe2fc0d3;2025-06-15;2025-11-23 09:14:43.25575+00;2025-11-23 09:14:43.25575+00;447e4dc1-e088-49ce-a61f-46c1d041f75b;0;false;;;;;0;0
853ecd64-7a4c-46f1-a8be-1d72cd0ae45c;;185120.00;Historical expense for Consumable Fuel (Diesel) - july 2025;;approved;73a0db7e-c07e-44a0-b86f-365afe2fc0d3;73a0db7e-c07e-44a0-b86f-365afe2fc0d3;2025-07-15;2025-11-23 09:14:43.506222+00;2025-11-23 09:14:43.506222+00;447e4dc1-e088-49ce-a61f-46c1d041f75b;0;false;;;;;0;0
230dae78-fd61-4797-8b8c-afafe9d7ff9b;;280189.80;Historical expense for Consumable Fuel (Diesel) - september 2025;;approved;73a0db7e-c07e-44a0-b86f-365afe2fc0d3;73a0db7e-c07e-44a0-b86f-365afe2fc0d3;2025-09-15;2025-11-23 09:14:43.768173+00;2025-11-23 09:14:43.768173+00;447e4dc1-e088-49ce-a61f-46c1d041f75b;0;false;;;;;0;0
bf956c81-a607-4703-b109-d582f2f6fc07;;915934.17;Historical expense for Lifts - april 2025;;approved;73a0db7e-c07e-44a0-b86f-365afe2fc0d3;73a0db7e-c07e-44a0-b86f-365afe2fc0d3;2025-04-15;2025-11-23 09:14:44.001495+00;2025-11-23 09:14:44.001495+00;98e2d401-09c9-4d74-9af6-88aa62299fa5;0;false;;;;;0;0
204a578c-335a-4245-8b60-4ad720e41c5c;;915934.17;Historical expense for Lifts - may 2025;;approved;73a0db7e-c07e-44a0-b86f-365afe2fc0d3;73a0db7e-c07e-44a0-b86f-365afe2fc0d3;2025-05-15;2025-11-23 09:14:44.246196+00;2025-11-23 09:14:44.246196+00;98e2d401-09c9-4d74-9af6-88aa62299fa5;0;false;;;;;0;0
f3f908d4-e0b5-4973-adde-72322bb83285;;915934.17;Historical expense for Lifts - june 2025;;approved;73a0db7e-c07e-44a0-b86f-365afe2fc0d3;73a0db7e-c07e-44a0-b86f-365afe2fc0d3;2025-06-15;2025-11-23 09:14:44.488359+00;2025-11-23 09:14:44.488359+00;98e2d401-09c9-4d74-9af6-88aa62299fa5;0;false;;;;;0;0
7de38d2d-4cee-4a7a-b305-4dbd7329213c;;915934.17;Historical expense for Lifts - july 2025;;approved;73a0db7e-c07e-44a0-b86f-365afe2fc0d3;73a0db7e-c07e-44a0-b86f-365afe2fc0d3;2025-07-15;2025-11-23 09:14:44.732109+00;2025-11-23 09:14:44.732109+00;98e2d401-09c9-4d74-9af6-88aa62299fa5;0;false;;;;;0;0
afbe65af-d03b-499e-a3a6-d54996992ef0;;915934.17;Historical expense for Lifts - august 2025;;approved;73a0db7e-c07e-44a0-b86f-365afe2fc0d3;73a0db7e-c07e-44a0-b86f-365afe2fc0d3;2025-08-15;2025-11-23 09:14:44.972647+00;2025-11-23 09:14:44.972647+00;98e2d401-09c9-4d74-9af6-88aa62299fa5;0;false;;;;;0;0
18cd4dc7-6848-4a60-9440-e2f84ff4bd0d;;915934.17;Historical expense for Lifts - september 2025;;approved;73a0db7e-c07e-44a0-b86f-365afe2fc0d3;73a0db7e-c07e-44a0-b86f-365afe2fc0d3;2025-09-15;2025-11-23 09:14:45.216453+00;2025-11-23 09:14:45.216453+00;98e2d401-09c9-4d74-9af6-88aa62299fa5;0;false;;;;;0;0
ae086e21-8f90-4512-a0f6-234bb972c903;;915934.17;Historical expense for Lifts - october 2025;;approved;73a0db7e-c07e-44a0-b86f-365afe2fc0d3;73a0db7e-c07e-44a0-b86f-365afe2fc0d3;2025-10-15;2025-11-23 09:14:45.483494+00;2025-11-23 09:14:45.483494+00;98e2d401-09c9-4d74-9af6-88aa62299fa5;0;false;;;;;0;0
9cd0b9e3-2f6b-4cec-855c-a3daf155a461;;269100.00;Historical expense for Swimming Pool - april 2025;;approved;73a0db7e-c07e-44a0-b86f-365afe2fc0d3;73a0db7e-c07e-44a0-b86f-365afe2fc0d3;2025-04-15;2025-11-23 09:14:45.71731+00;2025-11-23 09:14:45.71731+00;82d5215d-27b4-4d9d-8712-df08dce88507;0;false;;;;;0;0
f14aef09-1ccf-4131-9974-bd90b4e4aafa;;269100.00;Historical expense for Swimming Pool - may 2025;;approved;73a0db7e-c07e-44a0-b86f-365afe2fc0d3;73a0db7e-c07e-44a0-b86f-365afe2fc0d3;2025-05-15;2025-11-23 09:14:45.947904+00;2025-11-23 09:14:45.947904+00;82d5215d-27b4-4d9d-8712-df08dce88507;0;false;;;;;0;0
92c8355e-4bb5-4646-bfeb-fdd40b0c6a34;;269100.00;Historical expense for Swimming Pool - june 2025;;approved;73a0db7e-c07e-44a0-b86f-365afe2fc0d3;73a0db7e-c07e-44a0-b86f-365afe2fc0d3;2025-06-15;2025-11-23 09:14:46.203568+00;2025-11-23 09:14:46.203568+00;82d5215d-27b4-4d9d-8712-df08dce88507;0;false;;;;;0;0
5fe57aa6-d455-4123-9eab-2fac1d4acf48;;269100.00;Historical expense for Swimming Pool - july 2025;;approved;73a0db7e-c07e-44a0-b86f-365afe2fc0d3;73a0db7e-c07e-44a0-b86f-365afe2fc0d3;2025-07-15;2025-11-23 09:14:46.44385+00;2025-11-23 09:14:46.44385+00;82d5215d-27b4-4d9d-8712-df08dce88507;0;false;;;;;0;0
ef8041fd-984c-4035-8a65-3e2ec2e21932;;269100.00;Historical expense for Swimming Pool - august 2025;;approved;73a0db7e-c07e-44a0-b86f-365afe2fc0d3;73a0db7e-c07e-44a0-b86f-365afe2fc0d3;2025-08-15;2025-11-23 09:14:46.703762+00;2025-11-23 09:14:46.703762+00;82d5215d-27b4-4d9d-8712-df08dce88507;0;false;;;;;0;0
2365df7c-2458-4901-9179-cc49dd1dffdb;;269100.00;Historical expense for Swimming Pool - september 2025;;approved;73a0db7e-c07e-44a0-b86f-365afe2fc0d3;73a0db7e-c07e-44a0-b86f-365afe2fc0d3;2025-09-15;2025-11-23 09:14:46.946601+00;2025-11-23 09:14:46.946601+00;82d5215d-27b4-4d9d-8712-df08dce88507;0;false;;;;;0;0
cb766678-8ab1-4686-adb0-ade996b27492;;269100.00;Historical expense for Swimming Pool - october 2025;;approved;73a0db7e-c07e-44a0-b86f-365afe2fc0d3;73a0db7e-c07e-44a0-b86f-365afe2fc0d3;2025-10-15;2025-11-23 09:14:47.184694+00;2025-11-23 09:14:47.184694+00;82d5215d-27b4-4d9d-8712-df08dce88507;0;false;;;;;0;0
c879123c-5ecd-4285-b036-f7a167aaccaf;;241020.00;Historical expense for Gas Bank Contract - april 2025;;approved;73a0db7e-c07e-44a0-b86f-365afe2fc0d3;73a0db7e-c07e-44a0-b86f-365afe2fc0d3;2025-04-15;2025-11-23 09:14:47.4377+00;2025-11-23 09:14:47.4377+00;c21162dd-ca27-4e0a-9430-34df5f304b34;0;false;;;;;0;0
e4040118-b3ef-4d38-aa2c-c09bd661fd3e;;241020.00;Historical expense for Gas Bank Contract - may 2025;;approved;73a0db7e-c07e-44a0-b86f-365afe2fc0d3;73a0db7e-c07e-44a0-b86f-365afe2fc0d3;2025-05-15;2025-11-23 09:14:47.680663+00;2025-11-23 09:14:47.680663+00;c21162dd-ca27-4e0a-9430-34df5f304b34;0;false;;;;;0;0
551987a9-03d8-4faa-938f-25fb52425049;;241020.00;Historical expense for Gas Bank Contract - june 2025;;approved;73a0db7e-c07e-44a0-b86f-365afe2fc0d3;73a0db7e-c07e-44a0-b86f-365afe2fc0d3;2025-06-15;2025-11-23 09:14:47.917119+00;2025-11-23 09:14:47.917119+00;c21162dd-ca27-4e0a-9430-34df5f304b34;0;false;;;;;0;0
3e4fac4f-c976-4963-bbcb-3eeb9de1b0fe;;241020.00;Historical expense for Gas Bank Contract - july 2025;;approved;73a0db7e-c07e-44a0-b86f-365afe2fc0d3;73a0db7e-c07e-44a0-b86f-365afe2fc0d3;2025-07-15;2025-11-23 09:14:48.167321+00;2025-11-23 09:14:48.167321+00;c21162dd-ca27-4e0a-9430-34df5f304b34;0;false;;;;;0;0
5eee09ca-5b64-45a3-8949-c98b4f5c21b8;;241020.00;Historical expense for Gas Bank Contract - august 2025;;approved;73a0db7e-c07e-44a0-b86f-365afe2fc0d3;73a0db7e-c07e-44a0-b86f-365afe2fc0d3;2025-08-15;2025-11-23 09:14:48.431131+00;2025-11-23 09:14:48.431131+00;c21162dd-ca27-4e0a-9430-34df5f304b34;0;false;;;;;0;0
28cd59f9-6619-46c1-bc2e-97782a22ba65;;241020.00;Historical expense for Gas Bank Contract - september 2025;;approved;73a0db7e-c07e-44a0-b86f-365afe2fc0d3;73a0db7e-c07e-44a0-b86f-365afe2fc0d3;2025-09-15;2025-11-23 09:14:48.685942+00;2025-11-23 09:14:48.685942+00;c21162dd-ca27-4e0a-9430-34df5f304b34;0;false;;;;;0;0
1957837f-8440-491a-b605-6ebdc2be9f2f;;241020.00;Historical expense for Gas Bank Contract - october 2025;;approved;73a0db7e-c07e-44a0-b86f-365afe2fc0d3;73a0db7e-c07e-44a0-b86f-365afe2fc0d3;2025-10-15;2025-11-23 09:14:48.921401+00;2025-11-23 09:14:48.921401+00;c21162dd-ca27-4e0a-9430-34df5f304b34;0;false;;;;;0;0
78fef161-6bc9-4b6b-ae1f-cf67ad00204d;;30000.00;Historical expense for DG Set 725KV/DG Set 600 / 500KV - may 2025;;approved;73a0db7e-c07e-44a0-b86f-365afe2fc0d3;73a0db7e-c07e-44a0-b86f-365afe2fc0d3;2025-05-15;2025-11-23 09:14:49.18192+00;2025-11-23 09:14:49.18192+00;e0a0448a-af02-4bf2-b332-27d312b493cb;0;false;;;;;0;0
4bfc7d5a-71fe-416f-95e5-2e19e8c3c9ab;;10180.00;Historical expense for DG Set 725KV/DG Set 600 / 500KV - june 2025;;approved;73a0db7e-c07e-44a0-b86f-365afe2fc0d3;73a0db7e-c07e-44a0-b86f-365afe2fc0d3;2025-06-15;2025-11-23 09:14:49.412228+00;2025-11-23 09:14:49.412228+00;e0a0448a-af02-4bf2-b332-27d312b493cb;0;false;;;;;0;0
ccd3879a-e765-44ca-a948-09b61d976b53;;113857.00;Historical expense for DG Set 725KV/DG Set 600 / 500KV - july 2025;;approved;73a0db7e-c07e-44a0-b86f-365afe2fc0d3;73a0db7e-c07e-44a0-b86f-365afe2fc0d3;2025-07-15;2025-11-23 09:14:49.673002+00;2025-11-23 09:14:49.673002+00;e0a0448a-af02-4bf2-b332-27d312b493cb;0;false;;;;;0;0
4c613fa9-c424-4d13-9f9c-15cf1455ed87;;6575.00;Historical expense for DG Set 725KV/DG Set 600 / 500KV - august 2025;;approved;73a0db7e-c07e-44a0-b86f-365afe2fc0d3;73a0db7e-c07e-44a0-b86f-365afe2fc0d3;2025-08-15;2025-11-23 09:14:49.933501+00;2025-11-23 09:14:49.933501+00;e0a0448a-af02-4bf2-b332-27d312b493cb;0;false;;;;;0;0
f02ae4a2-141e-493b-8e67-1122538e53a3;;60000.00;Historical expense for AC Units in Club house - august 2025;;approved;73a0db7e-c07e-44a0-b86f-365afe2fc0d3;73a0db7e-c07e-44a0-b86f-365afe2fc0d3;2025-08-15;2025-11-23 09:14:50.162694+00;2025-11-23 09:14:50.162694+00;251e3a3f-0951-407b-adfe-3e61999ad783;0;false;;;;;0;0
3d6b6317-6c1b-43a6-94f7-969a20347b97;;50000.00;Historical expense for AC Units in Club house - october 2025;;approved;73a0db7e-c07e-44a0-b86f-365afe2fc0d3;73a0db7e-c07e-44a0-b86f-365afe2fc0d3;2025-10-15;2025-11-23 09:14:50.391996+00;2025-11-23 09:14:50.391996+00;251e3a3f-0951-407b-adfe-3e61999ad783;0;false;;;;;0;0
ae4c1bbf-f648-4321-9c47-08c89dcbae19;;119898.00;Historical expense for FA System - june 2025;;approved;73a0db7e-c07e-44a0-b86f-365afe2fc0d3;73a0db7e-c07e-44a0-b86f-365afe2fc0d3;2025-06-15;2025-11-23 09:14:50.637238+00;2025-11-23 09:14:50.637238+00;3914eb24-1144-4621-8d00-9cb6c6737963;0;false;;;;;0;0
8f8ab5a4-9f02-4ecb-8a0e-e77e5ea1e826;;261000.00;Historical expense for STP ONLINE MONITORING SYSTEM - may 2025;;approved;73a0db7e-c07e-44a0-b86f-365afe2fc0d3;73a0db7e-c07e-44a0-b86f-365afe2fc0d3;2025-05-15;2025-11-23 09:14:50.868253+00;2025-11-23 09:14:50.868253+00;d4ac79e8-005c-4fb5-bf03-b566a6ba3fb5;0;false;;;;;0;0
2d3eeebb-6fdd-42a2-9b6a-cd93870fb66a;;74428.00;Historical expense for Gym Equipment - june 2025;;approved;73a0db7e-c07e-44a0-b86f-365afe2fc0d3;73a0db7e-c07e-44a0-b86f-365afe2fc0d3;2025-06-15;2025-11-23 09:14:51.106559+00;2025-11-23 09:14:51.106559+00;54048053-ce17-4021-bab4-bf3395e23484;0;false;;;;;0;0
f2c57e1a-9006-4f32-9b87-71e8f06b7389;;401850.00;Historical expense for Waste Management - april 2025;;approved;73a0db7e-c07e-44a0-b86f-365afe2fc0d3;73a0db7e-c07e-44a0-b86f-365afe2fc0d3;2025-04-15;2025-11-23 09:14:51.339339+00;2025-11-23 09:14:51.339339+00;fea54fc8-fa35-4446-9c4d-683ddcec6d8d;0;false;;;;;0;0
5bfbd994-72c2-4323-ad31-5df8d40f728a;;428115.00;Historical expense for Waste Management - may 2025;;approved;73a0db7e-c07e-44a0-b86f-365afe2fc0d3;73a0db7e-c07e-44a0-b86f-365afe2fc0d3;2025-05-15;2025-11-23 09:14:51.574542+00;2025-11-23 09:14:51.574542+00;fea54fc8-fa35-4446-9c4d-683ddcec6d8d;0;false;;;;;0;0
c26e1948-eba1-4fcf-8f79-09625f520235;;415770.00;Historical expense for Waste Management - june 2025;;approved;73a0db7e-c07e-44a0-b86f-365afe2fc0d3;73a0db7e-c07e-44a0-b86f-365afe2fc0d3;2025-06-15;2025-11-23 09:14:51.802187+00;2025-11-23 09:14:51.802187+00;fea54fc8-fa35-4446-9c4d-683ddcec6d8d;0;false;;;;;0;0
d6114d86-b149-4415-9311-700450a9ab84;;427711.00;Historical expense for Waste Management - july 2025;;approved;73a0db7e-c07e-44a0-b86f-365afe2fc0d3;73a0db7e-c07e-44a0-b86f-365afe2fc0d3;2025-07-15;2025-11-23 09:14:52.02701+00;2025-11-23 09:14:52.02701+00;fea54fc8-fa35-4446-9c4d-683ddcec6d8d;0;false;;;;;0;0
bd02d835-f6a3-4180-95f3-4a4fae35b6a0;;400799.00;Historical expense for Waste Management - august 2025;;approved;73a0db7e-c07e-44a0-b86f-365afe2fc0d3;73a0db7e-c07e-44a0-b86f-365afe2fc0d3;2025-08-15;2025-11-23 09:14:52.242515+00;2025-11-23 09:14:52.242515+00;fea54fc8-fa35-4446-9c4d-683ddcec6d8d;0;false;;;;;0;0
9e51f4b4-c455-4425-a810-a0dd65cfea0a;;401326.00;Historical expense for Waste Management - september 2025;;approved;73a0db7e-c07e-44a0-b86f-365afe2fc0d3;73a0db7e-c07e-44a0-b86f-365afe2fc0d3;2025-09-15;2025-11-23 09:14:52.480977+00;2025-11-23 09:14:52.480977+00;fea54fc8-fa35-4446-9c4d-683ddcec6d8d;0;false;;;;;0;0
e1b6f2b6-2167-4914-a525-1551e42c5e5b;;426657.00;Historical expense for Waste Management - october 2025;;approved;73a0db7e-c07e-44a0-b86f-365afe2fc0d3;73a0db7e-c07e-44a0-b86f-365afe2fc0d3;2025-10-15;2025-11-23 09:14:52.722546+00;2025-11-23 09:14:52.722546+00;fea54fc8-fa35-4446-9c4d-683ddcec6d8d;0;false;;;;;0;0
43bc85f0-8374-4a00-9659-4e62a74e1116;;98600.00;Historical expense for Pest control - april 2025;;approved;73a0db7e-c07e-44a0-b86f-365afe2fc0d3;73a0db7e-c07e-44a0-b86f-365afe2fc0d3;2025-04-15;2025-11-23 09:14:52.954873+00;2025-11-23 09:14:52.954873+00;a4c071b2-72c9-4323-a00d-7d0e339c3a94;0;false;;;;;0;0
15e0dd74-2a84-4f28-9196-71461c031172;;94540.00;Historical expense for Pest control - may 2025;;approved;73a0db7e-c07e-44a0-b86f-365afe2fc0d3;73a0db7e-c07e-44a0-b86f-365afe2fc0d3;2025-05-15;2025-11-23 09:14:53.189246+00;2025-11-23 09:14:53.189246+00;a4c071b2-72c9-4323-a00d-7d0e339c3a94;0;false;;;;;0;0
99c3e758-41c3-475d-85cb-a4dc37dcafcb;;98600.00;Historical expense for Pest control - june 2025;;approved;73a0db7e-c07e-44a0-b86f-365afe2fc0d3;73a0db7e-c07e-44a0-b86f-365afe2fc0d3;2025-06-15;2025-11-23 09:14:53.422716+00;2025-11-23 09:14:53.422716+00;a4c071b2-72c9-4323-a00d-7d0e339c3a94;0;false;;;;;0;0
1e327f06-6c5e-44ce-80b6-f40a667e4113;;90480.00;Historical expense for Pest control - july 2025;;approved;73a0db7e-c07e-44a0-b86f-365afe2fc0d3;73a0db7e-c07e-44a0-b86f-365afe2fc0d3;2025-07-15;2025-11-23 09:14:53.66764+00;2025-11-23 09:14:53.66764+00;a4c071b2-72c9-4323-a00d-7d0e339c3a94;0;false;;;;;0;0
51d9d285-b478-44df-bfa3-2bc0adf3a38d;;94540.00;Historical expense for Pest control - august 2025;;approved;73a0db7e-c07e-44a0-b86f-365afe2fc0d3;73a0db7e-c07e-44a0-b86f-365afe2fc0d3;2025-08-15;2025-11-23 09:14:53.904671+00;2025-11-23 09:14:53.904671+00;a4c071b2-72c9-4323-a00d-7d0e339c3a94;0;false;;;;;0;0
373a5b04-b531-4514-829f-5909ce7e0198;;90480.00;Historical expense for Pest control - september 2025;;approved;73a0db7e-c07e-44a0-b86f-365afe2fc0d3;73a0db7e-c07e-44a0-b86f-365afe2fc0d3;2025-09-15;2025-11-23 09:14:54.149558+00;2025-11-23 09:14:54.149558+00;a4c071b2-72c9-4323-a00d-7d0e339c3a94;0;false;;;;;0;0
178b3171-d839-49bc-83ad-0bb4652ca0d9;;92040.00;Historical expense for Pest control - october 2025;;approved;73a0db7e-c07e-44a0-b86f-365afe2fc0d3;73a0db7e-c07e-44a0-b86f-365afe2fc0d3;2025-10-15;2025-11-23 09:14:54.38642+00;2025-11-23 09:14:54.38642+00;a4c071b2-72c9-4323-a00d-7d0e339c3a94;0;false;;;;;0;0
9da05c8e-564f-4a18-9645-bff7db8de276;;298350.00;Historical expense for WTP Media Replacement Once in 24 months - april 2025;;approved;73a0db7e-c07e-44a0-b86f-365afe2fc0d3;73a0db7e-c07e-44a0-b86f-365afe2fc0d3;2025-04-15;2025-11-23 09:14:54.6298+00;2025-11-23 09:14:54.6298+00;b6f4629a-82e1-4a4a-8ac1-dc5e62c104c3;0;false;;;;;0;0
a95a3ad2-44fa-480e-8722-657e38c0f3d6;;176085.00;Historical expense for WTP Media Replacement Once in 24 months - june 2025;;approved;73a0db7e-c07e-44a0-b86f-365afe2fc0d3;73a0db7e-c07e-44a0-b86f-365afe2fc0d3;2025-06-15;2025-11-23 09:14:54.864674+00;2025-11-23 09:14:54.864674+00;b6f4629a-82e1-4a4a-8ac1-dc5e62c104c3;0;false;;;;;0;0
f2e4b812-5321-43fe-95de-6248b0789198;;6136.00;Historical expense for WTP Media Replacement Once in 24 months - july 2025;;approved;73a0db7e-c07e-44a0-b86f-365afe2fc0d3;73a0db7e-c07e-44a0-b86f-365afe2fc0d3;2025-07-15;2025-11-23 09:14:55.089943+00;2025-11-23 09:14:55.089943+00;b6f4629a-82e1-4a4a-8ac1-dc5e62c104c3;0;false;;;;;0;0
c6d2fb94-a1a2-468d-922d-77a681234aa2;;18259.00;Historical expense for Temp. Labor, Special Tool (Civil, Welding etc.) - april 2025;;approved;73a0db7e-c07e-44a0-b86f-365afe2fc0d3;73a0db7e-c07e-44a0-b86f-365afe2fc0d3;2025-04-15;2025-11-23 09:14:55.313493+00;2025-11-23 09:14:55.313493+00;8375a1f2-94a2-4aef-a150-6449acd068b9;0;false;;;;;0;0
936bac11-fa61-4627-986d-70614af1994d;;3744.00;Historical expense for Temp. Labor, Special Tool (Civil, Welding etc.) - may 2025;;approved;73a0db7e-c07e-44a0-b86f-365afe2fc0d3;73a0db7e-c07e-44a0-b86f-365afe2fc0d3;2025-05-15;2025-11-23 09:14:55.541238+00;2025-11-23 09:14:55.541238+00;8375a1f2-94a2-4aef-a150-6449acd068b9;0;false;;;;;0;0
28922515-f899-42d0-ad80-feff656e7937;;33354.00;Historical expense for Temp. Labor, Special Tool (Civil, Welding etc.) - june 2025;;approved;73a0db7e-c07e-44a0-b86f-365afe2fc0d3;73a0db7e-c07e-44a0-b86f-365afe2fc0d3;2025-06-15;2025-11-23 09:14:55.769971+00;2025-11-23 09:14:55.769971+00;8375a1f2-94a2-4aef-a150-6449acd068b9;0;false;;;;;0;0
bf7071b0-93df-4cad-a42b-458de2c0afad;;4914.00;Historical expense for Temp. Labor, Special Tool (Civil, Welding etc.) - july 2025;;approved;73a0db7e-c07e-44a0-b86f-365afe2fc0d3;73a0db7e-c07e-44a0-b86f-365afe2fc0d3;2025-07-15;2025-11-23 09:14:56.013282+00;2025-11-23 09:14:56.013282+00;8375a1f2-94a2-4aef-a150-6449acd068b9;0;false;;;;;0;0
62ccbed5-8f28-45c4-a29b-5d0576e6d892;;5396.00;Historical expense for Temp. Labor, Special Tool (Civil, Welding etc.) - august 2025;;approved;73a0db7e-c07e-44a0-b86f-365afe2fc0d3;73a0db7e-c07e-44a0-b86f-365afe2fc0d3;2025-08-15;2025-11-23 09:14:56.244859+00;2025-11-23 09:14:56.244859+00;8375a1f2-94a2-4aef-a150-6449acd068b9;0;false;;;;;0;0
fa7c5f22-25e4-4a40-83ba-49f27ee80bd2;;7722.00;Historical expense for Temp. Labor, Special Tool (Civil, Welding etc.) - september 2025;;approved;73a0db7e-c07e-44a0-b86f-365afe2fc0d3;73a0db7e-c07e-44a0-b86f-365afe2fc0d3;2025-09-15;2025-11-23 09:14:56.470606+00;2025-11-23 09:14:56.470606+00;8375a1f2-94a2-4aef-a150-6449acd068b9;0;false;;;;;0;0
e04aaf33-f361-4098-b530-88b94371c2e6;;11600.00;Historical expense for Temp. Labor, Special Tool (Civil, Welding etc.) - october 2025;;approved;73a0db7e-c07e-44a0-b86f-365afe2fc0d3;73a0db7e-c07e-44a0-b86f-365afe2fc0d3;2025-10-15;2025-11-23 09:14:56.709296+00;2025-11-23 09:14:56.709296+00;8375a1f2-94a2-4aef-a150-6449acd068b9;0;false;;;;;0;0
fa44eca3-4ba6-485a-8a6f-50b18268e1c2;;125640.00;Historical expense for Boom Barrier Gate - april 2025;;approved;73a0db7e-c07e-44a0-b86f-365afe2fc0d3;73a0db7e-c07e-44a0-b86f-365afe2fc0d3;2025-04-15;2025-11-23 09:14:56.962297+00;2025-11-23 09:14:56.962297+00;2acd1201-1bd1-421e-b5d0-b0ac6b7a4556;0;false;;;;;0;0
6b3645f7-8d1c-4ea7-88b5-13fe63ddc029;;33040.00;Historical expense for Boom Barrier Gate - may 2025;;approved;73a0db7e-c07e-44a0-b86f-365afe2fc0d3;73a0db7e-c07e-44a0-b86f-365afe2fc0d3;2025-05-15;2025-11-23 09:14:57.21294+00;2025-11-23 09:14:57.21294+00;2acd1201-1bd1-421e-b5d0-b0ac6b7a4556;0;false;;;;;0;0
4b4a16ed-4fec-43a4-abff-833353c91fcd;;167760.00;Historical expense for Boom Barrier Gate - july 2025;;approved;73a0db7e-c07e-44a0-b86f-365afe2fc0d3;73a0db7e-c07e-44a0-b86f-365afe2fc0d3;2025-07-15;2025-11-23 09:14:57.447246+00;2025-11-23 09:14:57.447246+00;2acd1201-1bd1-421e-b5d0-b0ac6b7a4556;0;false;;;;;0;0
2cf9ed65-ed20-4785-81c1-c1a142bcdcb0;;2950.00;Historical expense for Boom Barrier Gate - august 2025;;approved;73a0db7e-c07e-44a0-b86f-365afe2fc0d3;73a0db7e-c07e-44a0-b86f-365afe2fc0d3;2025-08-15;2025-11-23 09:14:57.679494+00;2025-11-23 09:14:57.679494+00;2acd1201-1bd1-421e-b5d0-b0ac6b7a4556;0;false;;;;;0;0
d1f715b9-6feb-4440-92ef-a7d599abfed9;;17759.00;Historical expense for Boom Barrier Gate - september 2025;;approved;73a0db7e-c07e-44a0-b86f-365afe2fc0d3;73a0db7e-c07e-44a0-b86f-365afe2fc0d3;2025-09-15;2025-11-23 09:14:58.002968+00;2025-11-23 09:14:58.002968+00;2acd1201-1bd1-421e-b5d0-b0ac6b7a4556;0;false;;;;;0;0
2a99868a-3cf2-4fb2-bd5e-5dc0e95f6d7a;;102600.00;Historical expense for Boom Barrier Gate - october 2025;;approved;73a0db7e-c07e-44a0-b86f-365afe2fc0d3;73a0db7e-c07e-44a0-b86f-365afe2fc0d3;2025-10-15;2025-11-23 09:14:58.272204+00;2025-11-23 09:14:58.272204+00;2acd1201-1bd1-421e-b5d0-b0ac6b7a4556;0;false;;;;;0;0
8cf17e67-55e3-4610-aead-d9ae3c5af10c;;27492.00;Historical expense for Petty Cash Advacne - Vignesh - UPSPL - april 2025;;approved;73a0db7e-c07e-44a0-b86f-365afe2fc0d3;73a0db7e-c07e-44a0-b86f-365afe2fc0d3;2025-04-15;2025-11-23 09:14:58.515751+00;2025-11-23 09:14:58.515751+00;d86ad394-b1d5-42c7-8627-e98ea4eb3a4a;0;false;;;;;0;0
45785799-7890-4387-ab62-2630ffb7b86d;;23160.00;Historical expense for Petty Cash Advacne - Vignesh - UPSPL - july 2025;;approved;73a0db7e-c07e-44a0-b86f-365afe2fc0d3;73a0db7e-c07e-44a0-b86f-365afe2fc0d3;2025-07-15;2025-11-23 09:14:58.767994+00;2025-11-23 09:14:58.767994+00;d86ad394-b1d5-42c7-8627-e98ea4eb3a4a;0;false;;;;;0;0
d78c641c-925b-4baf-b723-180c1a96be43;;25125.00;Historical expense for Petty Cash Advacne - Vignesh - UPSPL - september 2025;;approved;73a0db7e-c07e-44a0-b86f-365afe2fc0d3;73a0db7e-c07e-44a0-b86f-365afe2fc0d3;2025-09-15;2025-11-23 09:14:58.996797+00;2025-11-23 09:14:58.996797+00;d86ad394-b1d5-42c7-8627-e98ea4eb3a4a;0;false;;;;;0;0
e23aa902-ba85-450b-a4c9-682c4d249fd5;;6554.00;Historical expense for Water testing - monthly - april 2025;;approved;73a0db7e-c07e-44a0-b86f-365afe2fc0d3;73a0db7e-c07e-44a0-b86f-365afe2fc0d3;2025-04-15;2025-11-23 09:14:59.247743+00;2025-11-23 09:14:59.247743+00;47bf2293-436b-4fb2-b0cf-3e1109f1ab6b;0;false;;;;;0;0
3ac1aa42-eb69-4df6-a1e2-b919e5f2c240;;14036.00;Historical expense for Water testing - monthly - july 2025;;approved;73a0db7e-c07e-44a0-b86f-365afe2fc0d3;73a0db7e-c07e-44a0-b86f-365afe2fc0d3;2025-07-15;2025-11-23 09:14:59.495896+00;2025-11-23 09:14:59.495896+00;47bf2293-436b-4fb2-b0cf-3e1109f1ab6b;0;false;;;;;0;0
f64e7840-35c2-4d27-b81f-d080e4282619;;5220.00;Historical expense for OWC AMC - april 2025;;approved;73a0db7e-c07e-44a0-b86f-365afe2fc0d3;73a0db7e-c07e-44a0-b86f-365afe2fc0d3;2025-04-15;2025-11-23 09:14:59.898583+00;2025-11-23 09:14:59.898583+00;5fe84eea-ad71-4d38-a315-a3dc1ddd6794;0;false;;;;;0;0
35c9f85a-bb5e-4e68-ba23-7ba075f0a577;;5800.00;Historical expense for SOLAR SYSTEM AMC & SERVICE - july 2025;;approved;73a0db7e-c07e-44a0-b86f-365afe2fc0d3;73a0db7e-c07e-44a0-b86f-365afe2fc0d3;2025-07-15;2025-11-23 09:15:00.12537+00;2025-11-23 09:15:00.12537+00;777f1e7e-ab09-48eb-9252-dce4456ee7f8;0;false;;;;;0;0
96d59a6d-8540-4aea-83c4-66619adf226c;;3744.00;Historical expense for Civil Water Proofing - april 2025;;approved;73a0db7e-c07e-44a0-b86f-365afe2fc0d3;73a0db7e-c07e-44a0-b86f-365afe2fc0d3;2025-04-15;2025-11-23 09:15:00.377915+00;2025-11-23 09:15:00.377915+00;3d71578d-6373-481e-964a-f00105f9e021;0;false;;;;;0;0
fceecdb1-5818-4c36-8a2d-4a392d580f59;;192773.00;Historical expense for Civil Water Proofing - may 2025;;approved;73a0db7e-c07e-44a0-b86f-365afe2fc0d3;73a0db7e-c07e-44a0-b86f-365afe2fc0d3;2025-05-15;2025-11-23 09:15:00.642884+00;2025-11-23 09:15:00.642884+00;3d71578d-6373-481e-964a-f00105f9e021;0;false;;;;;0;0
7ed318bb-8a58-45e8-90fe-644af3f44cc9;;75682.00;Historical expense for Civil Water Proofing - june 2025;;approved;73a0db7e-c07e-44a0-b86f-365afe2fc0d3;73a0db7e-c07e-44a0-b86f-365afe2fc0d3;2025-06-15;2025-11-23 09:15:00.886676+00;2025-11-23 09:15:00.886676+00;3d71578d-6373-481e-964a-f00105f9e021;0;false;;;;;0;0
93f4f089-8d1b-4a85-a8dd-f52ebdbba2e2;;58319.00;Historical expense for Civil Water Proofing - july 2025;;approved;73a0db7e-c07e-44a0-b86f-365afe2fc0d3;73a0db7e-c07e-44a0-b86f-365afe2fc0d3;2025-07-15;2025-11-23 09:15:01.106996+00;2025-11-23 09:15:01.106996+00;3d71578d-6373-481e-964a-f00105f9e021;0;false;;;;;0;0
02fa3541-bc35-4940-a2b8-e39154a676b5;;40180.00;"Historical expense for DG ""B Check - may 2025";;approved;73a0db7e-c07e-44a0-b86f-365afe2fc0d3;73a0db7e-c07e-44a0-b86f-365afe2fc0d3;2025-05-15;2025-11-23 09:15:01.352392+00;2025-11-23 09:15:01.352392+00;2dcef6b7-49b1-42d5-add2-8f9e45c7479f;0;false;;;;;0;0
281341ae-3c0e-4c48-99fa-8cb9ad7e95df;;49385.00;Historical expense for MEP - Spares & Repairs - april 2025;;approved;73a0db7e-c07e-44a0-b86f-365afe2fc0d3;73a0db7e-c07e-44a0-b86f-365afe2fc0d3;2025-04-15;2025-11-23 09:15:01.590194+00;2025-11-23 09:15:01.590194+00;45a60f89-0393-4620-abd0-8758ca8a9af4;0;false;;;;;0;0
07b5c7ed-b674-4bc0-89f4-ed4e3b78ec51;;205590.00;Historical expense for MEP - Spares & Repairs - may 2025;;approved;73a0db7e-c07e-44a0-b86f-365afe2fc0d3;73a0db7e-c07e-44a0-b86f-365afe2fc0d3;2025-05-15;2025-11-23 09:15:01.833229+00;2025-11-23 09:15:01.833229+00;45a60f89-0393-4620-abd0-8758ca8a9af4;0;false;;;;;0;0
bfbcfc19-36ff-4988-9974-7b018f2ffb62;;24861.00;Historical expense for MEP - Spares & Repairs - june 2025;;approved;73a0db7e-c07e-44a0-b86f-365afe2fc0d3;73a0db7e-c07e-44a0-b86f-365afe2fc0d3;2025-06-15;2025-11-23 09:15:02.075126+00;2025-11-23 09:15:02.075126+00;45a60f89-0393-4620-abd0-8758ca8a9af4;0;false;;;;;0;0
4e0831c8-4d6e-46fb-b327-54104f550571;;7764.40;Historical expense for MEP - Spares & Repairs - july 2025;;approved;73a0db7e-c07e-44a0-b86f-365afe2fc0d3;73a0db7e-c07e-44a0-b86f-365afe2fc0d3;2025-07-15;2025-11-23 09:15:02.29481+00;2025-11-23 09:15:02.29481+00;45a60f89-0393-4620-abd0-8758ca8a9af4;0;false;;;;;0;0
6ff7c055-6e3b-4ba4-bc49-6a1785645ed6;;87084.00;Historical expense for Pneumatic Spares - may 2025;;approved;73a0db7e-c07e-44a0-b86f-365afe2fc0d3;73a0db7e-c07e-44a0-b86f-365afe2fc0d3;2025-05-15;2025-11-23 09:15:02.540865+00;2025-11-23 09:15:02.540865+00;59dadbed-d43e-4989-a9e0-f856fd0abd8e;0;false;;;;;0;0
8fe068aa-48e8-4f91-a4e8-d7ca5c2ab460;;70568.00;Historical expense for Pneumatic Spares - june 2025;;approved;73a0db7e-c07e-44a0-b86f-365afe2fc0d3;73a0db7e-c07e-44a0-b86f-365afe2fc0d3;2025-06-15;2025-11-23 09:15:02.841433+00;2025-11-23 09:15:02.841433+00;59dadbed-d43e-4989-a9e0-f856fd0abd8e;0;false;;;;;0;0
66fd4bcd-29fd-4df4-89d7-3cb52abefe67;;10035.00;Historical expense for Pneumatic Spares - july 2025;;approved;73a0db7e-c07e-44a0-b86f-365afe2fc0d3;73a0db7e-c07e-44a0-b86f-365afe2fc0d3;2025-07-15;2025-11-23 09:15:03.084865+00;2025-11-23 09:15:03.084865+00;59dadbed-d43e-4989-a9e0-f856fd0abd8e;0;false;;;;;0;0
7044c582-6a97-4ccc-b69c-4bced1fb1aed;;10035.00;Historical expense for Pneumatic Spares - august 2025;;approved;73a0db7e-c07e-44a0-b86f-365afe2fc0d3;73a0db7e-c07e-44a0-b86f-365afe2fc0d3;2025-08-15;2025-11-23 09:15:03.348807+00;2025-11-23 09:15:03.348807+00;59dadbed-d43e-4989-a9e0-f856fd0abd8e;0;false;;;;;0;0
9c8acd0c-94ee-4146-a647-ffbba582cae9;;24426.00;Historical expense for CCTV & DTH Main. & Spares - april 2025;;approved;73a0db7e-c07e-44a0-b86f-365afe2fc0d3;73a0db7e-c07e-44a0-b86f-365afe2fc0d3;2025-04-15;2025-11-23 09:15:03.594501+00;2025-11-23 09:15:03.594501+00;a6afd3f8-4e76-43d7-87bc-c498270653e5;0;false;;;;;0;0
3303ad06-b3b6-46bc-b2ee-698da3bc8561;;42419.82;Historical expense for CCTV & DTH Main. & Spares - june 2025;;approved;73a0db7e-c07e-44a0-b86f-365afe2fc0d3;73a0db7e-c07e-44a0-b86f-365afe2fc0d3;2025-06-15;2025-11-23 09:15:03.832049+00;2025-11-23 09:15:03.832049+00;a6afd3f8-4e76-43d7-87bc-c498270653e5;0;false;;;;;0;0
0aef2289-4423-49bd-babf-991bb38cdd72;;42480.00;Historical expense for CCTV & DTH Main. & Spares - july 2025;;approved;73a0db7e-c07e-44a0-b86f-365afe2fc0d3;73a0db7e-c07e-44a0-b86f-365afe2fc0d3;2025-07-15;2025-11-23 09:15:04.086958+00;2025-11-23 09:15:04.086958+00;a6afd3f8-4e76-43d7-87bc-c498270653e5;0;false;;;;;0;0
af2b5844-98b2-4ab0-8369-6073a78e997d;;40180.00;Historical expense for DG Spares - may 2025;;approved;73a0db7e-c07e-44a0-b86f-365afe2fc0d3;73a0db7e-c07e-44a0-b86f-365afe2fc0d3;2025-05-15;2025-11-23 09:15:04.351998+00;2025-11-23 09:15:04.351998+00;d4f90135-fe16-4040-a407-26dfdd58bb5e;0;false;;;;;0;0
28560880-8f3b-44df-8475-9feded3a7e02;;99787.00;Historical expense for DG Spares - july 2025;;approved;73a0db7e-c07e-44a0-b86f-365afe2fc0d3;73a0db7e-c07e-44a0-b86f-365afe2fc0d3;2025-07-15;2025-11-23 09:15:04.621198+00;2025-11-23 09:15:04.621198+00;d4f90135-fe16-4040-a407-26dfdd58bb5e;0;false;;;;;0;0
879eedf5-92b6-44b7-8307-d51a5de1356e;;99787.00;Historical expense for DG Spares - august 2025;;approved;73a0db7e-c07e-44a0-b86f-365afe2fc0d3;73a0db7e-c07e-44a0-b86f-365afe2fc0d3;2025-08-15;2025-11-23 09:15:04.871636+00;2025-11-23 09:15:04.871636+00;d4f90135-fe16-4040-a407-26dfdd58bb5e;0;false;;;;;0;0
d6d2e3e8-71e8-4713-ba67-3ed4ecd081f7;;331225.00;Historical expense for Pump Service & Spares - april 2025;;approved;73a0db7e-c07e-44a0-b86f-365afe2fc0d3;73a0db7e-c07e-44a0-b86f-365afe2fc0d3;2025-04-15;2025-11-23 09:15:05.139762+00;2025-11-23 09:15:05.139762+00;35cbbe55-e4ed-45e0-a723-67f4e1f75a11;0;false;;;;;0;0
901cbdf6-36e8-48bb-8a75-a6d4875956df;;10828.00;Historical expense for Fire Extinguisher Refilling - may 2025;;approved;73a0db7e-c07e-44a0-b86f-365afe2fc0d3;73a0db7e-c07e-44a0-b86f-365afe2fc0d3;2025-05-15;2025-11-23 09:15:05.374176+00;2025-11-23 09:15:05.374176+00;181c646d-c776-40bd-881a-3ad4bad3bf2b;0;false;;;;;0;0
cf9902ac-c0fe-431f-bde3-94f6e3cd78d9;;4072.00;Historical expense for Fire Extinguisher Refilling - june 2025;;approved;73a0db7e-c07e-44a0-b86f-365afe2fc0d3;73a0db7e-c07e-44a0-b86f-365afe2fc0d3;2025-06-15;2025-11-23 09:15:05.618684+00;2025-11-23 09:15:05.618684+00;181c646d-c776-40bd-881a-3ad4bad3bf2b;0;false;;;;;0;0
9e4755cd-d85a-4136-a5d8-4d57b1bff731;;26832.00;Historical expense for Statutory, Govt. Fess & Charges - april 2025;;approved;73a0db7e-c07e-44a0-b86f-365afe2fc0d3;73a0db7e-c07e-44a0-b86f-365afe2fc0d3;2025-04-15;2025-11-23 09:15:05.88173+00;2025-11-23 09:15:05.88173+00;d791ab80-84ba-42f7-a081-99d110a05fff;0;false;;;;;0;0
0136bf94-de85-47cc-9f51-ae9344176092;;36400.83;Historical expense for Lift License Renewal - april 2025;;approved;73a0db7e-c07e-44a0-b86f-365afe2fc0d3;73a0db7e-c07e-44a0-b86f-365afe2fc0d3;2025-04-15;2025-11-23 09:15:06.148645+00;2025-11-23 09:15:06.148645+00;f4c7353a-b2c4-4734-86e3-ffa00138aa77;0;false;;;;;0;0
b507a0f4-2456-43f7-860e-2aa864c71b27;;36400.83;Historical expense for Lift License Renewal - may 2025;;approved;73a0db7e-c07e-44a0-b86f-365afe2fc0d3;73a0db7e-c07e-44a0-b86f-365afe2fc0d3;2025-05-15;2025-11-23 09:15:06.404589+00;2025-11-23 09:15:06.404589+00;f4c7353a-b2c4-4734-86e3-ffa00138aa77;0;false;;;;;0;0
2359541f-2577-4dea-bd6b-7ba1f7360ce6;;36400.83;Historical expense for Lift License Renewal - june 2025;;approved;73a0db7e-c07e-44a0-b86f-365afe2fc0d3;73a0db7e-c07e-44a0-b86f-365afe2fc0d3;2025-06-15;2025-11-23 09:15:06.65464+00;2025-11-23 09:15:06.65464+00;f4c7353a-b2c4-4734-86e3-ffa00138aa77;0;false;;;;;0;0
44fdbec8-ea70-468a-95d3-6d29a2c6a474;;36400.83;Historical expense for Lift License Renewal - july 2025;;approved;73a0db7e-c07e-44a0-b86f-365afe2fc0d3;73a0db7e-c07e-44a0-b86f-365afe2fc0d3;2025-07-15;2025-11-23 09:15:06.877915+00;2025-11-23 09:15:06.877915+00;f4c7353a-b2c4-4734-86e3-ffa00138aa77;0;false;;;;;0;0
7d0a2feb-cfd8-497a-bada-d90b3b4b5f91;;36400.83;Historical expense for Lift License Renewal - august 2025;;approved;73a0db7e-c07e-44a0-b86f-365afe2fc0d3;73a0db7e-c07e-44a0-b86f-365afe2fc0d3;2025-08-15;2025-11-23 09:15:07.100693+00;2025-11-23 09:15:07.100693+00;f4c7353a-b2c4-4734-86e3-ffa00138aa77;0;false;;;;;0;0
49998550-6554-4e79-8d31-7ed6500ed9f6;;36400.83;Historical expense for Lift License Renewal - september 2025;;approved;73a0db7e-c07e-44a0-b86f-365afe2fc0d3;73a0db7e-c07e-44a0-b86f-365afe2fc0d3;2025-09-15;2025-11-23 09:15:07.336458+00;2025-11-23 09:15:07.336458+00;f4c7353a-b2c4-4734-86e3-ffa00138aa77;0;false;;;;;0;0
4fb316b1-380d-461b-b33a-0d5de91b9e09;;64405.00;Historical expense for Payroll Expenses - april 2025;;approved;73a0db7e-c07e-44a0-b86f-365afe2fc0d3;73a0db7e-c07e-44a0-b86f-365afe2fc0d3;2025-04-15;2025-11-23 09:15:07.570877+00;2025-11-23 09:15:07.570877+00;628f14b4-c7de-451c-95a8-8042cf38fe72;0;false;;;;;0;0
be791581-32f8-4e9f-a0eb-31e629cb53a9;;75785.00;Historical expense for Payroll Expenses - may 2025;;approved;73a0db7e-c07e-44a0-b86f-365afe2fc0d3;73a0db7e-c07e-44a0-b86f-365afe2fc0d3;2025-05-15;2025-11-23 09:15:07.821364+00;2025-11-23 09:15:07.821364+00;628f14b4-c7de-451c-95a8-8042cf38fe72;0;false;;;;;0;0
5cdf7b6e-9638-461d-82c8-0ebd626af9d0;;64165.00;Historical expense for Payroll Expenses - june 2025;;approved;73a0db7e-c07e-44a0-b86f-365afe2fc0d3;73a0db7e-c07e-44a0-b86f-365afe2fc0d3;2025-06-15;2025-11-23 09:15:08.050333+00;2025-11-23 09:15:08.050333+00;628f14b4-c7de-451c-95a8-8042cf38fe72;0;false;;;;;0;0
47d2ed9c-060d-43b3-974d-f0719b8db9ac;;78210.00;Historical expense for Payroll Expenses - july 2025;;approved;73a0db7e-c07e-44a0-b86f-365afe2fc0d3;73a0db7e-c07e-44a0-b86f-365afe2fc0d3;2025-07-15;2025-11-23 09:15:08.284094+00;2025-11-23 09:15:08.284094+00;628f14b4-c7de-451c-95a8-8042cf38fe72;0;false;;;;;0;0
9fa2e92a-e734-4b6b-98c4-47d99ef14771;;68040.00;Historical expense for Payroll Expenses - august 2025;;approved;73a0db7e-c07e-44a0-b86f-365afe2fc0d3;73a0db7e-c07e-44a0-b86f-365afe2fc0d3;2025-08-15;2025-11-23 09:15:08.526977+00;2025-11-23 09:15:08.526977+00;628f14b4-c7de-451c-95a8-8042cf38fe72;0;false;;;;;0;0
7dc19c5d-ce50-4574-b8a6-9e6c92ccf8a5;;68040.00;Historical expense for Payroll Expenses - september 2025;;approved;73a0db7e-c07e-44a0-b86f-365afe2fc0d3;73a0db7e-c07e-44a0-b86f-365afe2fc0d3;2025-09-15;2025-11-23 09:15:08.763242+00;2025-11-23 09:15:08.763242+00;628f14b4-c7de-451c-95a8-8042cf38fe72;0;false;;;;;0;0
8c78c18b-83eb-4e70-903a-259cb02e14b8;;68040.00;Historical expense for Payroll Expenses - october 2025;;approved;73a0db7e-c07e-44a0-b86f-365afe2fc0d3;73a0db7e-c07e-44a0-b86f-365afe2fc0d3;2025-10-15;2025-11-23 09:15:08.996228+00;2025-11-23 09:15:08.996228+00;628f14b4-c7de-451c-95a8-8042cf38fe72;0;false;;;;;0;0
7ea220a2-8c71-4077-81fd-9000c7e4015f;;164308.00;Historical expense for Cultural and Sports Events - august 2025;;approved;73a0db7e-c07e-44a0-b86f-365afe2fc0d3;73a0db7e-c07e-44a0-b86f-365afe2fc0d3;2025-08-15;2025-11-23 09:15:09.229346+00;2025-11-23 09:15:09.229346+00;f432acf9-ca3f-47a7-8b90-170963a692f2;0;false;;;;;0;0
501172bc-ded2-4084-ba07-a98fe560aedb;;28500.00;Historical expense for Auditing/Legal Charges/Professional Fees - april 2025;;approved;73a0db7e-c07e-44a0-b86f-365afe2fc0d3;73a0db7e-c07e-44a0-b86f-365afe2fc0d3;2025-04-15;2025-11-23 09:15:09.466611+00;2025-11-23 09:15:09.466611+00;7b6cf032-d711-48a7-8387-76d4cdcf87e4;0;false;;;;;0;0
4de7ec09-6c68-4c6a-af7f-9a867556ded3;;11000.00;Historical expense for Auditing/Legal Charges/Professional Fees - may 2025;;approved;73a0db7e-c07e-44a0-b86f-365afe2fc0d3;73a0db7e-c07e-44a0-b86f-365afe2fc0d3;2025-05-15;2025-11-23 09:15:09.719473+00;2025-11-23 09:15:09.719473+00;7b6cf032-d711-48a7-8387-76d4cdcf87e4;0;false;;;;;0;0
14f73800-416c-477f-af8c-564089069661;;6750.00;Historical expense for Auditing/Legal Charges/Professional Fees - june 2025;;approved;73a0db7e-c07e-44a0-b86f-365afe2fc0d3;73a0db7e-c07e-44a0-b86f-365afe2fc0d3;2025-06-15;2025-11-23 09:15:09.960968+00;2025-11-23 09:15:09.960968+00;7b6cf032-d711-48a7-8387-76d4cdcf87e4;0;false;;;;;0;0
6522989f-2874-4f62-a801-7c359dd0feb4;;7500.00;Historical expense for Auditing/Legal Charges/Professional Fees - july 2025;;approved;73a0db7e-c07e-44a0-b86f-365afe2fc0d3;73a0db7e-c07e-44a0-b86f-365afe2fc0d3;2025-07-15;2025-11-23 09:15:10.206446+00;2025-11-23 09:15:10.206446+00;7b6cf032-d711-48a7-8387-76d4cdcf87e4;0;false;;;;;0;0
45549e97-253b-46a3-9279-857116c62706;;10000.00;Historical expense for Auditing/Legal Charges/Professional Fees - august 2025;;approved;73a0db7e-c07e-44a0-b86f-365afe2fc0d3;73a0db7e-c07e-44a0-b86f-365afe2fc0d3;2025-08-15;2025-11-23 09:15:10.453893+00;2025-11-23 09:15:10.453893+00;7b6cf032-d711-48a7-8387-76d4cdcf87e4;0;false;;;;;0;0
2573e3ab-5581-444b-a2ea-efa5a077d43c;;45000.00;Historical expense for Auditing/Legal Charges/Professional Fees - september 2025;;approved;73a0db7e-c07e-44a0-b86f-365afe2fc0d3;73a0db7e-c07e-44a0-b86f-365afe2fc0d3;2025-09-15;2025-11-23 09:15:10.694091+00;2025-11-23 09:15:10.694091+00;7b6cf032-d711-48a7-8387-76d4cdcf87e4;0;false;;;;;0;0
33e3f92e-7ffd-4fc7-9ddd-2aec71186fc8;;11250.00;Historical expense for Auditing/Legal Charges/Professional Fees - october 2025;;approved;73a0db7e-c07e-44a0-b86f-365afe2fc0d3;73a0db7e-c07e-44a0-b86f-365afe2fc0d3;2025-10-15;2025-11-23 09:15:10.936948+00;2025-11-23 09:15:10.936948+00;7b6cf032-d711-48a7-8387-76d4cdcf87e4;0;false;;;;;0;0
09d22a4f-f8ab-4bd7-85cb-b7155599d98b;;48997.00;Historical expense for Printing & Stationaries - april 2025;;approved;73a0db7e-c07e-44a0-b86f-365afe2fc0d3;73a0db7e-c07e-44a0-b86f-365afe2fc0d3;2025-04-15;2025-11-23 09:15:11.179892+00;2025-11-23 09:15:11.179892+00;319f52c9-2e31-48c0-8ce8-0bd12078a3d5;0;false;;;;;0;0
7d44c6bc-374d-4564-b197-0aca4fade4c8;;21320.00;Historical expense for Printing & Stationaries - may 2025;;approved;73a0db7e-c07e-44a0-b86f-365afe2fc0d3;73a0db7e-c07e-44a0-b86f-365afe2fc0d3;2025-05-15;2025-11-23 09:15:11.420275+00;2025-11-23 09:15:11.420275+00;319f52c9-2e31-48c0-8ce8-0bd12078a3d5;0;false;;;;;0;0
b837d477-fb2c-4507-9da8-254478ec7d9d;;20087.00;Historical expense for Printing & Stationaries - june 2025;;approved;73a0db7e-c07e-44a0-b86f-365afe2fc0d3;73a0db7e-c07e-44a0-b86f-365afe2fc0d3;2025-06-15;2025-11-23 09:15:11.661729+00;2025-11-23 09:15:11.661729+00;319f52c9-2e31-48c0-8ce8-0bd12078a3d5;0;false;;;;;0;0
42564f03-74a1-4944-a314-7df0e9a60f78;;7281.00;Historical expense for Printing & Stationaries - july 2025;;approved;73a0db7e-c07e-44a0-b86f-365afe2fc0d3;73a0db7e-c07e-44a0-b86f-365afe2fc0d3;2025-07-15;2025-11-23 09:15:11.911043+00;2025-11-23 09:15:11.911043+00;319f52c9-2e31-48c0-8ce8-0bd12078a3d5;0;false;;;;;0;0
de161bc7-c8e0-44a0-aca5-d606040dbb37;;24211.00;Historical expense for Printing & Stationaries - august 2025;;approved;73a0db7e-c07e-44a0-b86f-365afe2fc0d3;73a0db7e-c07e-44a0-b86f-365afe2fc0d3;2025-08-15;2025-11-23 09:15:12.15498+00;2025-11-23 09:15:12.15498+00;319f52c9-2e31-48c0-8ce8-0bd12078a3d5;0;false;;;;;0;0
0a577394-7478-4f18-b6fe-bde46bd4f246;;131183.00;Historical expense for HK Chemicals & Consumables - april 2025;;approved;73a0db7e-c07e-44a0-b86f-365afe2fc0d3;73a0db7e-c07e-44a0-b86f-365afe2fc0d3;2025-04-15;2025-11-23 09:15:12.404692+00;2025-11-23 09:15:12.404692+00;b9746f1d-9110-4f91-9c88-c5ae3a2e9e32;0;false;;;;;0;0
a6f09e07-55db-4ba9-beac-2c91ae0d31a3;;53999.00;Historical expense for HK Chemicals & Consumables - june 2025;;approved;73a0db7e-c07e-44a0-b86f-365afe2fc0d3;73a0db7e-c07e-44a0-b86f-365afe2fc0d3;2025-06-15;2025-11-23 09:15:12.66281+00;2025-11-23 09:15:12.66281+00;b9746f1d-9110-4f91-9c88-c5ae3a2e9e32;0;false;;;;;0;0
0f838088-e8a2-4610-aa44-ad09783dfd29;;68640.00;Historical expense for HK Chemicals & Consumables - july 2025;;approved;73a0db7e-c07e-44a0-b86f-365afe2fc0d3;73a0db7e-c07e-44a0-b86f-365afe2fc0d3;2025-07-15;2025-11-23 09:15:12.907883+00;2025-11-23 09:15:12.907883+00;b9746f1d-9110-4f91-9c88-c5ae3a2e9e32;0;false;;;;;0;0
e103f577-8491-4b0d-8440-3050b0c1ec70;;59489.00;Historical expense for HK Chemicals & Consumables - august 2025;;approved;73a0db7e-c07e-44a0-b86f-365afe2fc0d3;73a0db7e-c07e-44a0-b86f-365afe2fc0d3;2025-08-15;2025-11-23 09:15:13.135701+00;2025-11-23 09:15:13.135701+00;b9746f1d-9110-4f91-9c88-c5ae3a2e9e32;0;false;;;;;0;0
00b47f1b-07c2-4547-af5a-9c75727cb0d7;;22410.00;Historical expense for STP Chemicals & Consumables - april 2025;;approved;73a0db7e-c07e-44a0-b86f-365afe2fc0d3;73a0db7e-c07e-44a0-b86f-365afe2fc0d3;2025-04-15;2025-11-23 09:15:13.372829+00;2025-11-23 09:15:13.372829+00;b57f9f0c-0183-4b40-b90a-024a57c7419c;0;false;;;;;0;0
0de47447-00a5-47fd-b5f4-82a146e5a31b;;22230.00;Historical expense for STP Chemicals & Consumables - july 2025;;approved;73a0db7e-c07e-44a0-b86f-365afe2fc0d3;73a0db7e-c07e-44a0-b86f-365afe2fc0d3;2025-07-15;2025-11-23 09:15:13.628684+00;2025-11-23 09:15:13.628684+00;b57f9f0c-0183-4b40-b90a-024a57c7419c;0;false;;;;;0;0
165a2d12-3b98-4cb2-897d-55f3a4361a99;;193237.00;Historical expense for Development Expenses/Buffer - april 2025;;approved;73a0db7e-c07e-44a0-b86f-365afe2fc0d3;73a0db7e-c07e-44a0-b86f-365afe2fc0d3;2025-04-15;2025-11-23 09:15:13.882546+00;2025-11-23 09:15:13.882546+00;eaca5e81-5db7-4c25-989c-792222006c71;0;false;;;;;0;0
38914db9-f0b3-42d5-a216-a8f47456b02f;;94122.00;Historical expense for Development Expenses/Buffer - may 2025;;approved;73a0db7e-c07e-44a0-b86f-365afe2fc0d3;73a0db7e-c07e-44a0-b86f-365afe2fc0d3;2025-05-15;2025-11-23 09:15:14.116943+00;2025-11-23 09:15:14.116943+00;eaca5e81-5db7-4c25-989c-792222006c71;0;false;;;;;0;0
07bcd070-b832-41ab-a748-394750ccb0fc;;368543.00;Historical expense for Development Expenses/Buffer - june 2025;;approved;73a0db7e-c07e-44a0-b86f-365afe2fc0d3;73a0db7e-c07e-44a0-b86f-365afe2fc0d3;2025-06-15;2025-11-23 09:15:14.360673+00;2025-11-23 09:15:14.360673+00;eaca5e81-5db7-4c25-989c-792222006c71;0;false;;;;;0;0
dd599b29-77ba-48d7-9d72-8446a685d8e1;;146741.00;Historical expense for Development Expenses/Buffer - july 2025;;approved;73a0db7e-c07e-44a0-b86f-365afe2fc0d3;73a0db7e-c07e-44a0-b86f-365afe2fc0d3;2025-07-15;2025-11-23 09:15:14.61264+00;2025-11-23 09:15:14.61264+00;eaca5e81-5db7-4c25-989c-792222006c71;0;false;;;;;0;0
cee2f0d6-0676-4780-a31b-1f1e784193f2;;100.00;TEST- MADHU;;rejected;436dbe88-bf62-4399-8a6f-8056a4cd6048;73a0db7e-c07e-44a0-b86f-365afe2fc0d3;2025-11-24;2025-11-24 11:28:37.064643+00;2025-11-24 11:30:56.546161+00;f98f53a7-1b00-44b9-bb6e-ed37bafa0f65;5;false;;;;;1;1
30953116-15af-4650-9e64-69963fcac0a9;;1694899.00;HT Electricity charges for the month of October 2025;;rejected;74f02ef8-5025-4907-b6ed-59b106775be1;73a0db7e-c07e-44a0-b86f-365afe2fc0d3;2025-11-01;2025-11-24 07:17:16.565792+00;2025-11-24 11:30:59.15339+00;a76806ac-a21f-4dbd-8605-833e4808ec22;0;false;;;;;0;0
86d67ca9-3717-4d20-b36d-397aaae1d136;;1451352.00;Chennai metro water charges for the month of October 2025;;rejected;74f02ef8-5025-4907-b6ed-59b106775be1;73a0db7e-c07e-44a0-b86f-365afe2fc0d3;2025-11-01;2025-11-24 07:12:54.104105+00;2025-11-24 11:33:24.169225+00;9a7318c8-ec42-43bf-94d2-5f0432b180f0;0;false;;;;;0;0
0fb4d43b-72ad-4cc1-83fc-f9f02495c6a1;;29562.00;Towards purchase of plumbing material for repair work at common area & cluster 1;;rejected;74f02ef8-5025-4907-b6ed-59b106775be1;73a0db7e-c07e-44a0-b86f-365afe2fc0d3;2025-11-01;2025-11-24 07:05:12.929717+00;2025-11-24 11:33:31.871013+00;45a60f89-0393-4620-abd0-8758ca8a9af4;0;false;;;;;0;0
0edde209-b389-4475-8f47-1157b856efa4;;100.00;Test- Madhu;;rejected;436dbe88-bf62-4399-8a6f-8056a4cd6048;73a0db7e-c07e-44a0-b86f-365afe2fc0d3;2025-11-24;2025-11-24 11:40:14.413514+00;2025-11-24 12:11:16.563311+00;46fb51fa-35e5-46b2-afcb-eb5b2c65bf16;18;false;;;;;0;0
1394811a-6430-48b2-8054-f5f98e7e4705;;2258.00;Being salary paid to Mr.G.Ramu for additional 2 days working for the month oct-25;;approved;74f02ef8-5025-4907-b6ed-59b106775be1;73a0db7e-c07e-44a0-b86f-365afe2fc0d3;2025-11-25;2025-11-25 05:21:17.552753+00;2025-11-25 07:57:56.323761+00;628f14b4-c7de-451c-95a8-8042cf38fe72;0;false;;;;;0;0
fe85d5d6-0581-4630-b348-264e4d3487c3;;345.80;Towards purchase of ;;approved;74f02ef8-5025-4907-b6ed-59b106775be1;73a0db7e-c07e-44a0-b86f-365afe2fc0d3;2025-11-24;2025-11-24 12:05:43.552121+00;2025-11-25 07:57:57.414865+00;45a60f89-0393-4620-abd0-8758ca8a9af4;62.2;false;;;;;0;0
79b5c4c2-2e12-4311-9bba-4b68dbc9f311;;678.00;"Purchase of plumbing material PVC Coupling 4 "" White";;approved;74f02ef8-5025-4907-b6ed-59b106775be1;73a0db7e-c07e-44a0-b86f-365afe2fc0d3;2025-11-24;2025-11-24 12:02:35.305698+00;2025-11-25 07:57:58.228485+00;45a60f89-0393-4620-abd0-8758ca8a9af4;122;false;;;;;0;0
ed8034b1-2326-4d9c-a249-eafc50505f82;;230000.00;Towards swimming pool maint. charges for the month of Oct-2025;;approved;74f02ef8-5025-4907-b6ed-59b106775be1;73a0db7e-c07e-44a0-b86f-365afe2fc0d3;2025-11-25;2025-11-25 09:19:56.498971+00;2025-11-25 12:23:55.936454+00;82d5215d-27b4-4d9d-8712-df08dce88507;41400;false;;;;;1;2300
e425ef61-a949-430f-88ca-81827f2aad2f;;10000.00;Towards wooden scaffolding charges for fixing and removal Tower 7 (5th to 6th floor;;approved;74f02ef8-5025-4907-b6ed-59b106775be1;73a0db7e-c07e-44a0-b86f-365afe2fc0d3;2025-11-25;2025-11-25 09:19:56.269183+00;2025-11-25 12:23:56.386034+00;8375a1f2-94a2-4aef-a150-6449acd068b9;1800;false;;;;;2;200
d1a58f51-886f-4f0d-9c5f-40fed8749de2;;191400.00;Towards wet & dry collection for the month of Oct-25;;approved;74f02ef8-5025-4907-b6ed-59b106775be1;73a0db7e-c07e-44a0-b86f-365afe2fc0d3;2025-11-25;2025-11-25 09:19:56.034272+00;2025-11-25 12:23:56.841683+00;fea54fc8-fa35-4446-9c4d-683ddcec6d8d;34452;false;;;;;2;3828
60f35234-8abd-4d8d-b9d0-6933ea2caa9f;;174900.00;Towards Garbage disposal for the month of Oct-25;;approved;74f02ef8-5025-4907-b6ed-59b106775be1;73a0db7e-c07e-44a0-b86f-365afe2fc0d3;2025-11-25;2025-11-25 09:19:55.798169+00;2025-11-25 12:23:57.286618+00;fea54fc8-fa35-4446-9c4d-683ddcec6d8d;31482;false;;;;;1;1749
1b443583-7b4f-406f-a71b-2c0124a93470;;78000.00;Towards pest control services for the month of October25;;approved;74f02ef8-5025-4907-b6ed-59b106775be1;73a0db7e-c07e-44a0-b86f-365afe2fc0d3;2025-11-25;2025-11-25 09:19:55.570274+00;2025-11-25 12:23:57.793543+00;a4c071b2-72c9-4323-a00d-7d0e339c3a94;14040;false;;;;;0;0
7e16be36-5cb5-4f4a-96cc-fa0d6e82bda4;;6654.00;Towards purchase of fire & safety material;;approved;74f02ef8-5025-4907-b6ed-59b106775be1;73a0db7e-c07e-44a0-b86f-365afe2fc0d3;2025-11-25;2025-11-25 09:19:55.341922+00;2025-11-25 12:23:58.240641+00;45a60f89-0393-4620-abd0-8758ca8a9af4;1197.72;false;;;;;0;0
fe51dba9-7eaf-4da3-82df-d09362b5aa0b;;7940.00;Towards purchase of housekeeping material ;;approved;74f02ef8-5025-4907-b6ed-59b106775be1;73a0db7e-c07e-44a0-b86f-365afe2fc0d3;2025-11-25;2025-11-25 09:19:55.119258+00;2025-11-25 12:23:58.683156+00;b9746f1d-9110-4f91-9c88-c5ae3a2e9e32;397;false;;;;;0;0
df3a77c1-3146-4c32-b3a9-19c5677bf529;;100.00;Towards purchase stationery items;;approved;74f02ef8-5025-4907-b6ed-59b106775be1;73a0db7e-c07e-44a0-b86f-365afe2fc0d3;2025-11-25;2025-11-25 09:19:54.64551+00;2025-11-25 12:23:59.557477+00;319f52c9-2e31-48c0-8ce8-0bd12078a3d5;5;false;;;;;0;0
fca600b0-25a8-437f-9a2f-115e2dea3f92;;7500.00;Towards purchase stationery items;;approved;74f02ef8-5025-4907-b6ed-59b106775be1;73a0db7e-c07e-44a0-b86f-365afe2fc0d3;2025-11-25;2025-11-25 09:19:54.412652+00;2025-11-25 12:23:59.991497+00;319f52c9-2e31-48c0-8ce8-0bd12078a3d5;0;false;;;;;0;0
ef282aa6-74e6-4526-ac42-c0f3d2f6d65f;;19055.95;Towards purchase of stationery material;;approved;74f02ef8-5025-4907-b6ed-59b106775be1;73a0db7e-c07e-44a0-b86f-365afe2fc0d3;2025-11-25;2025-11-25 09:19:54.179663+00;2025-11-25 12:24:00.428993+00;319f52c9-2e31-48c0-8ce8-0bd12078a3d5;3430.07;false;;;;;0;0
bb29d997-268d-4d23-8ff5-cabfe68ccb86;;215475.00;Towards domestic water tanker supply for the month Oct-25;;approved;74f02ef8-5025-4907-b6ed-59b106775be1;73a0db7e-c07e-44a0-b86f-365afe2fc0d3;2025-11-25;2025-11-25 09:19:53.944337+00;2025-11-25 12:24:00.869682+00;c15ebab7-da4f-4670-9c22-69bfe733f810;0;false;;;;;1;2154.75
ef826a03-d93d-421b-8568-e349888bbd04;;220416.00;Towards domestic water supply for the month of Oct-25;;approved;74f02ef8-5025-4907-b6ed-59b106775be1;73a0db7e-c07e-44a0-b86f-365afe2fc0d3;2025-11-25;2025-11-25 09:19:53.714611+00;2025-11-25 12:24:01.308201+00;c15ebab7-da4f-4670-9c22-69bfe733f810;0;false;;;;;1;2204.16
2e807924-c80a-44b5-99eb-822bb3a95da9;;206040.00;Towards domestic water tanker supply for the month of OCT-25;;approved;74f02ef8-5025-4907-b6ed-59b106775be1;73a0db7e-c07e-44a0-b86f-365afe2fc0d3;2025-11-25;2025-11-25 09:19:53.478034+00;2025-11-25 12:24:01.759316+00;c15ebab7-da4f-4670-9c22-69bfe733f810;0;false;;;;;1;2060.4
1ea2ada2-d09a-47ec-b035-a9788b645026;;153000.00;Towards Domestic water tanker supply Oct-25;;approved;74f02ef8-5025-4907-b6ed-59b106775be1;73a0db7e-c07e-44a0-b86f-365afe2fc0d3;2025-11-25;2025-11-25 09:19:53.246243+00;2025-11-25 12:24:02.209917+00;c15ebab7-da4f-4670-9c22-69bfe733f810;0;false;;;;;1;1530
512ba790-919c-4bd2-b577-b91ec7aff07a;;206000.00;AMC for LPG supply system for the month of Oct-25;;approved;74f02ef8-5025-4907-b6ed-59b106775be1;73a0db7e-c07e-44a0-b86f-365afe2fc0d3;2025-11-25;2025-11-25 09:19:53.016548+00;2025-11-25 12:24:02.666276+00;c21162dd-ca27-4e0a-9430-34df5f304b34;37080;false;;;;;1;2060
4e2c8cee-2e13-4920-a477-040e69bb909c;;10000.00;Towards labour charges  for  plumbing work on common area & cluster 1;;approved;74f02ef8-5025-4907-b6ed-59b106775be1;73a0db7e-c07e-44a0-b86f-365afe2fc0d3;2025-11-25;2025-11-25 09:19:52.553177+00;2025-11-25 12:24:03.587696+00;8375a1f2-94a2-4aef-a150-6449acd068b9;0;false;;;;;1;100
41fa8316-8d61-4370-abe1-a8ce39c9801b;;16577.50;Towards purchase of plumbing material for common area & cluster 1;;approved;74f02ef8-5025-4907-b6ed-59b106775be1;73a0db7e-c07e-44a0-b86f-365afe2fc0d3;2025-11-25;2025-11-25 09:19:52.291473+00;2025-11-25 12:24:04.047448+00;45a60f89-0393-4620-abd0-8758ca8a9af4;2983.95;false;;;;;0;0
66e181b6-0af7-4327-9640-0bc8d22c0a82;;3250.00;Towards TDS payable for the month of Oct-25;;approved;74f02ef8-5025-4907-b6ed-59b106775be1;73a0db7e-c07e-44a0-b86f-365afe2fc0d3;2025-11-25;2025-11-25 09:19:52.043971+00;2025-11-25 12:24:04.858707+00;6096287b-14ce-49dc-8395-4268533222be;0;false;;;;;0;0
9463ff39-674e-410e-b002-f2de8f1a22f7;;19761.00;Towards TDS payable for the month of Oct-25;;approved;74f02ef8-5025-4907-b6ed-59b106775be1;73a0db7e-c07e-44a0-b86f-365afe2fc0d3;2025-11-25;2025-11-25 09:19:51.808454+00;2025-11-25 12:24:05.302249+00;6096287b-14ce-49dc-8395-4268533222be;0;false;;;;;0;0
2df73a8a-4349-48a2-9555-8cf3621b17a4;;6890.00;Towards TDS payable for the month of Oct-25;;approved;74f02ef8-5025-4907-b6ed-59b106775be1;73a0db7e-c07e-44a0-b86f-365afe2fc0d3;2025-11-25;2025-11-25 09:19:51.570187+00;2025-11-25 12:24:05.743065+00;6096287b-14ce-49dc-8395-4268533222be;0;false;;;;;0;0
c607c3b1-bd98-430b-b67d-e00d2d4dde89;;2160.00;Towards TDS payable for the month of Oct-25;;approved;74f02ef8-5025-4907-b6ed-59b106775be1;73a0db7e-c07e-44a0-b86f-365afe2fc0d3;2025-11-25;2025-11-25 09:19:51.214483+00;2025-11-25 12:24:06.186965+00;6096287b-14ce-49dc-8395-4268533222be;0;false;;;;;0;0
d9a50e23-98e9-4275-8ab2-a9e2245e2a2d;;4803551.00;Towards facility management charges for the month of OCT-2025;;approved;74f02ef8-5025-4907-b6ed-59b106775be1;73a0db7e-c07e-44a0-b86f-365afe2fc0d3;2025-11-25;2025-11-25 09:19:50.911229+00;2025-11-25 12:24:06.629939+00;46fb51fa-35e5-46b2-afcb-eb5b2c65bf16;864639.18;false;;;;;0;0
a2531dfe-6597-4f39-87f1-19b59d3bd7ca;;23102.00;Towards purchase of 3hp Pump starter;;approved;74f02ef8-5025-4907-b6ed-59b106775be1;73a0db7e-c07e-44a0-b86f-365afe2fc0d3;2025-11-25;2025-11-25 09:19:50.612128+00;2025-11-25 12:24:07.136226+00;45a60f89-0393-4620-abd0-8758ca8a9af4;4158.36;false;;;;;0;0
7855a06f-edfe-4082-b07e-1f7ddd62b7c3;;1694899.00;Towards HT Electrical charges for the month of Oct-25;;approved;74f02ef8-5025-4907-b6ed-59b106775be1;73a0db7e-c07e-44a0-b86f-365afe2fc0d3;2025-11-25;2025-11-25 09:19:50.288403+00;2025-11-25 12:24:07.568427+00;a76806ac-a21f-4dbd-8605-833e4808ec22;0;false;;;;;0;0
f0ab9b95-187d-4659-b2b6-473b639fc803;;1451352.00;Towards Chennai metro water charges for the month of October 2025;;approved;74f02ef8-5025-4907-b6ed-59b106775be1;73a0db7e-c07e-44a0-b86f-365afe2fc0d3;2025-11-25;2025-11-25 09:19:49.867595+00;2025-11-25 12:24:08.018354+00;9a7318c8-ec42-43bf-94d2-5f0432b180f0;0;false;;;;;0;0
a9587a29-db9c-4cbf-b1c5-566a96c0255b;;4035.00;Professional fee towards legal advice ;;approved;74f02ef8-5025-4907-b6ed-59b106775be1;73a0db7e-c07e-44a0-b86f-365afe2fc0d3;2025-11-25;2025-11-25 09:19:59.7793+00;2025-11-25 12:23:49.32164+00;7b6cf032-d711-48a7-8387-76d4cdcf87e4;0;false;;;;;0;0
e3bd348e-bb4c-4d16-a8c9-563fb4d2b63f;;70000.00;Professional fee towards legal advice ;;approved;74f02ef8-5025-4907-b6ed-59b106775be1;73a0db7e-c07e-44a0-b86f-365afe2fc0d3;2025-11-25;2025-11-25 09:19:59.554315+00;2025-11-25 12:23:49.808571+00;7b6cf032-d711-48a7-8387-76d4cdcf87e4;0;false;;;;;10;7000
8774c80a-dfc1-4649-902c-796a9d5517ed;;25900.00;Towards AGM Expenses;;approved;74f02ef8-5025-4907-b6ed-59b106775be1;73a0db7e-c07e-44a0-b86f-365afe2fc0d3;2025-11-25;2025-11-25 09:19:59.328927+00;2025-11-25 12:23:50.261121+00;1729d868-2717-4380-9368-60b4296dab3a;0;false;;;;;1;259
ce390fbe-a5f3-4baa-98e4-51f4fd7e3caf;;42300.00;Being the AGM Expenses;;approved;74f02ef8-5025-4907-b6ed-59b106775be1;73a0db7e-c07e-44a0-b86f-365afe2fc0d3;2025-11-25;2025-11-25 09:19:58.837239+00;2025-11-25 12:23:51.156092+00;1729d868-2717-4380-9368-60b4296dab3a;2115;false;;;;;0;0
78bae256-7197-49ec-b055-b47582654b03;;46870.00;Rewinding and replacement of bearing and others spares;;approved;74f02ef8-5025-4907-b6ed-59b106775be1;73a0db7e-c07e-44a0-b86f-365afe2fc0d3;2025-11-25;2025-11-25 09:19:58.335493+00;2025-11-25 12:23:52.129099+00;45a60f89-0393-4620-abd0-8758ca8a9af4;8436.6;false;;;;;1;468.7
425fa549-bba8-448e-bb1d-9ce83030296a;;9695.50;Towards purchase of plumbing material for common area work;;approved;74f02ef8-5025-4907-b6ed-59b106775be1;73a0db7e-c07e-44a0-b86f-365afe2fc0d3;2025-11-25;2025-11-25 09:19:58.114598+00;2025-11-25 12:23:52.583719+00;45a60f89-0393-4620-abd0-8758ca8a9af4;1745.19;false;;;;;0;0
7d15bde8-c38b-436b-85fb-8893f8bb8328;;146700.00;Towards Sewage water cleaning for the month of Oct-2025;;approved;74f02ef8-5025-4907-b6ed-59b106775be1;73a0db7e-c07e-44a0-b86f-365afe2fc0d3;2025-11-25;2025-11-25 09:19:57.416834+00;2025-11-25 12:23:54.143963+00;b409c8ed-ef93-4a7a-84fe-d1e8d40dc26b;26406;false;;;;;1;1467
14086cbf-f2e2-463d-88b4-e410198e274e;;288342.00;Towards cluster 2 STP plant media replacement;;approved;74f02ef8-5025-4907-b6ed-59b106775be1;73a0db7e-c07e-44a0-b86f-365afe2fc0d3;2025-11-25;2025-11-25 09:19:56.953789+00;2025-11-25 12:23:55.043483+00;45a60f89-0393-4620-abd0-8758ca8a9af4;51901.56;false;;;;;1;2883.42
37c0df2b-57d0-4620-ab27-95329be73a90;;19800.00;Towards AGM Expenses;;approved;74f02ef8-5025-4907-b6ed-59b106775be1;73a0db7e-c07e-44a0-b86f-365afe2fc0d3;2025-11-25;2025-11-25 09:19:59.088423+00;2025-11-25 12:23:50.709185+00;1729d868-2717-4380-9368-60b4296dab3a;0;false;;;;;1;198
ece7a217-a2c2-45fd-930e-77fb3ee7d6c1;;86880.00;Towards AGM Expenses;;approved;74f02ef8-5025-4907-b6ed-59b106775be1;73a0db7e-c07e-44a0-b86f-365afe2fc0d3;2025-11-25;2025-11-25 09:19:58.570224+00;2025-11-25 12:23:51.67577+00;1729d868-2717-4380-9368-60b4296dab3a;0;false;;;;;1;868.8
6d942bbf-0b5c-49ab-ae18-8a40e3c1d22c;;42427.00;Towards purchase of material for common work through petty cash;;approved;74f02ef8-5025-4907-b6ed-59b106775be1;73a0db7e-c07e-44a0-b86f-365afe2fc0d3;2025-11-25;2025-11-25 09:19:57.881058+00;2025-11-25 12:23:53.130626+00;45a60f89-0393-4620-abd0-8758ca8a9af4;0;false;;;;;0;0
b71d9c95-5d73-4b63-93bc-7e48663a54a3;;28750.00;Towards purchase of dosing pump for STP & WTP;;approved;74f02ef8-5025-4907-b6ed-59b106775be1;73a0db7e-c07e-44a0-b86f-365afe2fc0d3;2025-11-25;2025-11-25 09:19:57.651273+00;2025-11-25 12:23:53.634167+00;45a60f89-0393-4620-abd0-8758ca8a9af4;5175;false;;;;;0;0
6933c16a-275b-4fe5-88e1-f969a3251787;;106080.00;Domestic water tanker supply OCT 2025;;approved;74f02ef8-5025-4907-b6ed-59b106775be1;73a0db7e-c07e-44a0-b86f-365afe2fc0d3;2025-11-25;2025-11-25 09:19:57.18368+00;2025-11-25 12:23:54.598919+00;c15ebab7-da4f-4670-9c22-69bfe733f810;19094.4;false;;;;;1;1060.8
7cf50f06-bcc5-43ea-93b6-1c527bda7aac;;81370.00;Towards rewinding of motors ;;approved;74f02ef8-5025-4907-b6ed-59b106775be1;73a0db7e-c07e-44a0-b86f-365afe2fc0d3;2025-11-25;2025-11-25 09:19:56.72777+00;2025-11-25 12:23:55.490354+00;45a60f89-0393-4620-abd0-8758ca8a9af4;14646.6;false;;;;;1;813.7
60f092b2-e5da-4ca0-bd55-1390cde3be4b;;58268.00;Towards purchase of housekeeping material ;;approved;74f02ef8-5025-4907-b6ed-59b106775be1;73a0db7e-c07e-44a0-b86f-365afe2fc0d3;2025-11-25;2025-11-25 09:19:54.884186+00;2025-11-25 12:23:59.123926+00;b9746f1d-9110-4f91-9c88-c5ae3a2e9e32;10488.24;false;;;;;0;0
713fbb92-6e31-41ac-b74f-f7944622cdc4;;26825.00;Towards diesel generator keypad membranes placement and services;;approved;74f02ef8-5025-4907-b6ed-59b106775be1;73a0db7e-c07e-44a0-b86f-365afe2fc0d3;2025-11-25;2025-11-25 09:19:52.787173+00;2025-11-25 12:24:03.109308+00;45a60f89-0393-4620-abd0-8758ca8a9af4;4828.5;false;;;;;2;536.5
ed71a9ca-bca2-46ff-b3e8-0697751cf8ea;;1674268.00;HT Bill for the month of Nov-25;;approved;74f02ef8-5025-4907-b6ed-59b106775be1;73a0db7e-c07e-44a0-b86f-365afe2fc0d3;2025-12-03;2025-12-03 13:01:46.517378+00;2025-12-03 13:31:25.581569+00;a76806ac-a21f-4dbd-8605-833e4808ec22;0;false;;;;;0;0
b39fc684-6c75-46e1-9f9a-c17e7a4ea7b4;;40000.00;Paid advance for EGM Meeting ;;approved;74f02ef8-5025-4907-b6ed-59b106775be1;73a0db7e-c07e-44a0-b86f-365afe2fc0d3;2025-12-12;2025-12-13 07:07:55.173265+00;2025-12-14 03:49:41.323492+00;1729d868-2717-4380-9368-60b4296dab3a;0;false;;;;;0;0
bad6368b-8c13-4652-9d77-fc6e320f9196;;15000.00;FIT TAG & TWO WHEELER TAG;;approved;74f02ef8-5025-4907-b6ed-59b106775be1;73a0db7e-c07e-44a0-b86f-365afe2fc0d3;2025-12-10;2025-12-13 07:07:54.909206+00;2025-12-14 03:49:51.798993+00;a6afd3f8-4e76-43d7-87bc-c498270653e5;2700;false;;;;;0;0
75b4f8d2-63e2-4cc5-add7-103927f86e04;;28000.00;Towards salary paid to Mr. Rajasekaran for the month of November 2025;;approved;74f02ef8-5025-4907-b6ed-59b106775be1;73a0db7e-c07e-44a0-b86f-365afe2fc0d3;2025-12-09;2025-12-13 07:07:54.165896+00;2025-12-14 03:50:14.994283+00;628f14b4-c7de-451c-95a8-8042cf38fe72;5040;false;;;;;10;2800
bea25ec8-e22c-4f96-9953-6fe1dc15e763;;1800.00;Paid to  ZOHO for  Zoho Campaigns ;;approved;74f02ef8-5025-4907-b6ed-59b106775be1;73a0db7e-c07e-44a0-b86f-365afe2fc0d3;2025-12-10;2025-12-13 07:07:54.677978+00;2025-12-14 03:49:57.515705+00;5b2ce078-67c2-47fd-8473-ebe391899e6a;324;false;;;;;0;0
ab9f6673-e44f-4d44-8ecd-cfd426c6d74a;;3472511.00;Towards FMS Service for the month of Nov-2025;;approved;74f02ef8-5025-4907-b6ed-59b106775be1;73a0db7e-c07e-44a0-b86f-365afe2fc0d3;2025-12-10;2025-12-13 06:19:35.9949+00;2025-12-14 03:50:45.958181+00;46fb51fa-35e5-46b2-afcb-eb5b2c65bf16;625051.98;false;;;;;0;0
db8aa3c5-d107-481f-b61f-9b923730a515;;8350.00;Towards 10 Channel NVR Board Services and UPS Battery  replaced;;approved;74f02ef8-5025-4907-b6ed-59b106775be1;73a0db7e-c07e-44a0-b86f-365afe2fc0d3;2025-12-12;2025-12-13 06:19:36.231548+00;2025-12-14 03:50:49.936706+00;45a60f89-0393-4620-abd0-8758ca8a9af4;1503;false;;;;;0;0
a1a3fa53-fda1-418e-a4b0-44da34500f79;;14.76;Towards IMPS bank charges;;approved;74f02ef8-5025-4907-b6ed-59b106775be1;73a0db7e-c07e-44a0-b86f-365afe2fc0d3;2025-12-10;2025-12-13 07:07:54.453965+00;2025-12-14 03:50:04.503525+00;d791ab80-84ba-42f7-a081-99d110a05fff;0;false;;;;;0;0
eb434f1b-7992-42ed-a3bd-417180051299;;15000.00;Towards salary of Sai Dhanalakshmi for the month of November 20252;;approved;74f02ef8-5025-4907-b6ed-59b106775be1;73a0db7e-c07e-44a0-b86f-365afe2fc0d3;2025-12-03;2025-12-13 06:19:35.538093+00;2025-12-14 03:50:54.672708+00;628f14b4-c7de-451c-95a8-8042cf38fe72;0;false;;;;;0;0
c2d487e9-348f-4aeb-b8c3-deca6eec1fec;;2072.00;Towards management meeting expenses;;approved;74f02ef8-5025-4907-b6ed-59b106775be1;73a0db7e-c07e-44a0-b86f-365afe2fc0d3;2025-12-09;2025-12-13 07:07:53.921765+00;2025-12-14 03:50:20.770432+00;1729d868-2717-4380-9368-60b4296dab3a;0;false;;;;;0;0
b0cd1716-c2f1-4882-bfc5-defd16810d1f;;1404082.00;Towards Chennai Metro water charges for the month of November 2025;;approved;74f02ef8-5025-4907-b6ed-59b106775be1;73a0db7e-c07e-44a0-b86f-365afe2fc0d3;2025-12-07;2025-12-13 06:19:35.785115+00;2025-12-14 03:50:59.204201+00;9a7318c8-ec42-43bf-94d2-5f0432b180f0;0;false;;;;;0;0
274aaf65-e4ed-4520-8f26-61b0032974c0;;5580.00;Amount paid to Mr. Rajasekar for meting office expenses;;approved;74f02ef8-5025-4907-b6ed-59b106775be1;73a0db7e-c07e-44a0-b86f-365afe2fc0d3;2025-12-05;2025-12-13 07:07:53.685887+00;2025-12-14 03:50:27.292853+00;5b2ce078-67c2-47fd-8473-ebe391899e6a;0;false;;;;;0;0
b75aa94d-1c01-4b5c-9ca5-2e0926b8820c;;7495.00;Towards Annual subscription fees from 02-12-25  to 01-12-2026;;approved;74f02ef8-5025-4907-b6ed-59b106775be1;73a0db7e-c07e-44a0-b86f-365afe2fc0d3;2025-12-05;2025-12-13 07:07:53.362098+00;2025-12-14 03:50:30.380248+00;5b2ce078-67c2-47fd-8473-ebe391899e6a;1349.1;false;;;;;0;0
3cb96a49-e6bc-4f53-a8fe-9bb0f1fbcd63;;83760.00;Towards purchase of FRP Grating;;approved;74f02ef8-5025-4907-b6ed-59b106775be1;73a0db7e-c07e-44a0-b86f-365afe2fc0d3;2025-12-01;2025-12-13 06:19:34.786827+00;2025-12-14 03:50:37.353872+00;45a60f89-0393-4620-abd0-8758ca8a9af4;15076.8;false;;;;;0;0
f69b0c73-41b9-4971-a8c6-01d6c46a46f1;;4737590.50;Towards AMC for 73 lift period 01-10-25 to 31-013-2025;;approved;74f02ef8-5025-4907-b6ed-59b106775be1;73a0db7e-c07e-44a0-b86f-365afe2fc0d3;2025-12-01;2025-12-13 06:19:35.071202+00;2025-12-14 03:50:38.584977+00;98e2d401-09c9-4d74-9af6-88aa62299fa5;852766.29;false;;;;;2;94751.81
cde17ed7-015a-4bd4-b968-e4aadf7625eb;;35000.00;Towards G.Ramu salary for the month of November 2025;;approved;74f02ef8-5025-4907-b6ed-59b106775be1;73a0db7e-c07e-44a0-b86f-365afe2fc0d3;2025-12-03;2025-12-13 06:19:35.320513+00;2025-12-14 03:50:39.758064+00;628f14b4-c7de-451c-95a8-8042cf38fe72;0;false;;;;;0;0
ff10faed-e041-4d53-b2a4-235b0d6dea0f;;29511.00;Towards TDS amount payable for the month of November 2025;;approved;74f02ef8-5025-4907-b6ed-59b106775be1;73a0db7e-c07e-44a0-b86f-365afe2fc0d3;2025-12-15;2025-12-19 10:46:44.637819+00;2025-12-20 06:18:14.739264+00;d791ab80-84ba-42f7-a081-99d110a05fff;0;false;;;;;0;0
24b1e93c-6163-48cb-9dbd-8b230d40519e;;86340.68;Towards purchase of material;;approved;74f02ef8-5025-4907-b6ed-59b106775be1;73a0db7e-c07e-44a0-b86f-365afe2fc0d3;2025-12-15;2025-12-19 10:45:30.96318+00;2025-12-20 06:18:25.686363+00;45a60f89-0393-4620-abd0-8758ca8a9af4;15541.32;false;;;;;0;0
b7fcf10d-a575-4421-b484-59f4918ffccf;;1701185.00;GST paid for the month of November 2025;;approved;74f02ef8-5025-4907-b6ed-59b106775be1;73a0db7e-c07e-44a0-b86f-365afe2fc0d3;2025-12-15;2025-12-19 10:45:30.541912+00;2025-12-20 06:18:40.306531+00;d791ab80-84ba-42f7-a081-99d110a05fff;0;false;;;;;0;0